호선,구분,역명,역번,05:30~,06:00~,06:30~,07:00~,07:30~,08:00~,08:30~,09:00~,09:30~,10:00~,10:30~,11:00~,11:30~,12:00~,12:30~,13:00~,13:30~,14:00~,14:30~,15:00~,15:30~,16:00~,16:30~,17:00~,17:30~,18:00~,18:30~,19:00~,19:30~,20:00~,20:30~,21:00~,21:30~,22:00~,22:30~,23:00~,23:30~,24:00~,24:30~
1,상선,서울역,150,9,15,25,29,56,68,88,54,58,37,31,48,37,40,38,39,38,32,33,33,27,29,32,33,29,42,49,37,26,19,18,22,21,21,18,13,10,5,0
1,상선,시청,151,8,13,21,25,41,52,65,49,48,36,27,42,38,38,37,38,37,34,33,34,29,30,34,36,32,51,55,46,29,22,22,25,28,26,22,16,12,9,2
1,상선,종각,152,6,10,16,18,26,34,40,35,38,32,25,39,34,37,35,36,38,35,35,38,33,33,36,41,37,66,68,54,34,30,29,36,40,41,33,23,16,11,2
1,상선,종로3가,153,6,9,16,18,28,38,46,37,35,33,28,35,37,40,40,40,42,39,40,42,40,37,43,47,44,68,76,63,39,34,32,39,45,46,40,25,18,13,2
1,상선,종로5가,154,6,8,13,15,22,29,33,27,30,28,24,31,32,34,37,36,38,37,39,41,40,36,44,49,46,74,80,66,42,36,33,43,43,54,39,26,19,13,2
1,상선,동대문,155,9,8,13,13,20,27,30,25,27,26,23,28,32,32,37,36,38,38,39,41,41,37,46,53,48,69,82,66,43,36,33,40,44,54,41,30,19,16,2
1,상선,신설동,156,8,9,9,11,13,20,22,19,28,24,22,27,31,26,34,31,32,34,35,35,37,33,40,48,61,55,77,59,41,31,33,34,51,51,43,26,18,12,0
1,상선,제기동,157,8,9,9,10,12,17,19,16,23,20,17,21,24,20,26,25,25,28,29,31,34,31,39,47,59,56,76,59,41,30,32,33,48,48,41,25,17,10,12
1,상선,청량리,158,7,7,7,8,10,13,16,14,13,20,13,16,21,16,21,21,17,28,20,32,26,32,29,50,45,45,74,51,39,26,29,24,47,34,33,31,14,8,4
1,상선,동묘앞,159,8,10,10,12,16,25,28,22,22,25,22,25,29,30,34,32,35,34,36,38,38,35,44,41,49,64,77,61,42,31,31,37,40,50,38,28,18,13,1
1,하선,서울역,150,10,15,15,21,32,42,31,25,19,20,24,22,27,31,33,35,36,37,39,45,47,50,56,64,70,105,86,54,50,46,33,42,50,50,49,34,25,9,1
1,하선,시청,151,8,12,14,19,33,37,33,24,19,18,23,21,25,30,29,35,33,39,37,44,43,48,56,57,62,94,80,55,44,39,30,38,47,43,42,31,18,6,2
1,하선,종각,152,9,13,15,23,38,49,50,29,23,19,25,21,27,30,30,34,34,37,37,40,42,44,52,52,54,74,64,47,31,31,24,30,37,38,34,28,17,6,2
1,하선,종로3가,153,12,13,19,28,51,77,69,39,32,24,30,24,30,32,32,34,35,36,36,38,40,42,48,48,49,62,46,37,26,24,18,21,24,26,24,16,12,4,1
1,하선,종로5가,154,14,19,19,34,56,84,79,37,40,33,34,30,34,39,38,38,40,41,39,44,43,43,52,47,56,64,43,34,24,23,17,21,21,24,24,16,14,4,1
1,하선,동대문,155,14,20,20,37,63,83,101,40,44,35,35,31,35,38,37,36,38,38,35,40,38,38,46,41,48,50,35,27,20,18,13,18,17,19,19,13,10,2,1
1,하선,신설동,156,18,22,25,41,66,79,85,43,39,36,31,32,31,37,33,36,35,35,31,40,32,36,39,57,35,45,29,23,17,15,12,17,15,16,15,12,9,2,0
1,하선,제기동,157,17,22,23,40,66,79,82,42,36,36,31,29,28,35,31,33,32,33,30,38,30,34,37,53,31,37,25,19,15,14,11,15,13,16,12,12,9,2,0
1,하선,청량리,158,17,21,22,45,73,71,82,40,37,36,28,29,27,33,26,33,27,29,24,31,23,29,26,43,29,29,20,18,14,12,10,13,14,15,12,10,8,1,0
1,하선,동묘앞,159,13,21,20,42,65,85,91,46,42,39,34,34,34,42,37,36,37,38,34,44,36,39,44,41,47,48,34,26,19,17,13,18,17,16,17,13,9,2,0
2,내선,시청,201,21,24,25,39,65,100,81,50,43,32,39,41,45,41,41,47,45,42,41,45,43,43,53,45,53,60,54,46,30,27,25,36,45,47,43,40,39,14,5
2,내선,을지로입구,202,16,20,19,28,45,75,58,39,34,26,36,36,41,38,39,47,45,43,47,48,47,46,56,51,56,79,71,59,38,36,34,47,56,56,50,47,42,16,7
2,내선,을지로3가,203,16,19,18,26,41,65,47,34,30,24,32,33,35,36,35,42,40,39,42,44,44,44,53,48,56,79,70,62,39,35,34,45,58,52,52,41,56,15,7
2,내선,을지로4가,204,16,17,18,25,37,59,45,31,30,23,30,32,34,35,35,42,40,39,43,45,45,45,54,51,59,84,76,65,41,36,35,46,59,53,55,41,57,15,11
2,내선,동대문역사문화공원,205,22,23,24,37,52,79,65,42,39,28,35,39,39,42,44,48,48,45,51,51,52,50,62,57,67,83,75,65,38,32,33,42,52,50,51,37,51,13,10
2,내선,신당,206,20,26,25,35,55,79,72,43,40,28,35,39,39,42,45,48,48,45,50,50,53,49,64,58,69,79,73,64,38,31,31,38,50,48,49,37,52,16,9
2,내선,상왕십리,207,27,26,37,57,80,74,44,40,30,32,39,39,42,45,47,47,45,50,50,52,48,62,61,63,78,72,61,37,30,29,36,48,46,46,35,49,15,8,0
2,내선,왕십리,208,20,23,22,30,52,75,70,38,37,28,28,36,32,34,40,42,38,37,41,37,43,37,47,47,47,57,53,44,27,22,22,27,34,35,34,26,32,12,7
2,내선,한양대,209,22,21,28,45,66,63,33,28,20,21,33,30,32,35,37,34,35,38,38,43,39,49,48,50,57,54,43,29,23,22,28,35,34,37,26,32,12,7,0
2,내선,뚝섬,210,20,20,20,28,39,60,53,30,25,19,19,32,29,31,34,36,34,35,37,37,42,39,48,48,50,62,57,43,30,22,22,26,35,34,38,25,31,13,6
2,내선,성수,211,10,12,13,17,29,48,38,27,32,25,21,31,31,30,35,36,35,37,40,38,45,41,49,38,43,55,72,51,35,30,32,43,40,41,39,27,29,0,0
2,내선,건대입구,212,11,15,15,21,35,56,50,35,36,26,22,34,30,31,35,37,36,37,38,37,43,38,46,37,42,42,58,42,31,27,30,36,38,37,40,27,26,30,4
2,내선,구의,213,14,18,15,21,38,62,54,38,39,26,22,35,27,33,35,37,35,36,37,36,41,37,44,38,36,42,50,38,27,24,26,32,34,33,35,24,23,26,4
2,내선,강변,214,17,16,16,26,47,73,64,44,47,28,26,33,29,33,36,33,38,33,34,36,39,35,39,40,32,39,46,34,27,23,24,28,31,30,31,22,19,23,4
2,내선,잠실나루,215,16,18,26,46,72,71,44,46,28,27,34,29,34,35,33,38,33,34,37,39,36,39,40,33,39,44,33,26,21,23,26,29,28,29,21,17,27,4,0
2,내선,잠실,216,20,23,42,69,95,101,57,58,39,34,33,36,37,40,38,45,39,39,42,42,43,43,49,38,52,51,36,28,27,25,33,34,33,28,19,13,17,4,0
2,내선,잠실새내,217,20,24,45,71,98,111,62,57,40,33,35,36,37,38,38,45,37,37,41,39,40,39,49,37,47,48,33,28,23,24,31,32,31,26,18,12,14,4,0
2,내선,종합운동장,218,26,17,23,40,65,90,110,61,57,39,33,34,36,35,37,36,44,36,35,39,38,39,38,47,35,44,46,31,26,22,22,29,32,30,25,18,11,13,4
2,내선,삼성,219,18,16,21,35,57,74,88,51,49,36,31,33,35,36,38,39,46,40,39,48,46,48,47,67,45,70,66,50,39,34,34,44,49,47,35,26,15,15,6
2,내선,선릉,220,23,18,24,37,64,78,100,62,56,45,39,37,49,44,48,51,63,53,53,66,64,65,67,95,65,97,96,71,59,45,48,59,67,70,50,35,21,20,8
2,내선,역삼,221,24,18,22,31,52,64,70,48,46,38,37,35,48,45,48,53,60,56,57,70,71,74,75,111,77,127,119,86,71,54,56,69,83,83,61,42,25,25,13
2,내선,강남,222,27,17,19,26,43,55,53,39,35,35,35,35,48,49,50,57,60,61,62,79,79,86,82,126,88,135,128,101,82,68,70,92,112,117,88,63,37,37,19
2,내선,교대,223,26,17,18,26,43,53,50,36,30,34,33,31,46,47,43,53,56,54,61,73,77,84,80,115,91,130,140,109,85,74,72,96,120,125,103,70,41,37,21
2,내선,서초,224,25,15,17,25,38,47,38,31,25,30,31,29,44,46,42,53,55,54,62,74,78,86,82,118,93,139,143,111,86,76,74,95,124,128,105,71,41,37,21
2,내선,방배,225,15,18,25,36,46,35,30,24,29,29,29,43,45,42,52,55,54,61,77,78,89,79,117,94,143,147,115,89,73,79,94,128,127,105,75,43,36,21,0
2,내선,사당,226,20,17,24,35,48,41,32,24,29,30,24,41,41,39,48,51,51,57,69,72,81,74,106,91,116,132,107,85,65,75,87,115,125,103,86,46,38,30,0
2,내선,낙성대,227,27,20,18,24,37,48,41,32,24,27,26,25,39,34,42,47,47,51,55,60,74,78,74,95,89,99,131,99,78,63,71,79,102,118,97,78,42,34,26
2,내선,서울대입구,228,20,18,24,38,50,39,31,22,23,22,23,31,33,39,43,42,46,51,54,68,69,72,83,90,87,117,88,70,56,60,71,91,106,84,68,44,25,27,0
2,내선,봉천,229,23,21,19,27,42,55,43,33,24,24,22,23,31,33,39,43,41,45,49,52,66,66,70,81,87,85,111,83,65,53,57,67,83,100,81,65,41,23,24
2,내선,신림,230,38,26,24,32,54,73,56,41,28,23,26,26,29,33,40,43,40,44,45,48,59,58,64,71,79,67,94,67,52,42,45,50,67,80,68,52,32,18,15
2,내선,신대방,231,35,25,39,63,82,67,46,34,25,28,27,31,36,43,43,41,46,45,47,57,56,63,67,81,63,93,65,50,43,40,47,62,72,61,47,29,16,13,0
2,내선,구로디지털단지,232,74,45,30,48,74,89,62,46,35,27,31,30,33,39,46,47,43,48,46,47,58,59,67,70,85,80,106,73,53,45,41,47,59,70,60,47,29,14,12
2,내선,대림,233,96,68,36,54,79,102,72,54,39,30,34,33,34,41,50,51,44,51,47,46,57,58,64,68,87,76,99,68,49,42,37,42,51,60,50,41,27,12,10
2,내선,신도림,234,26,33,32,50,88,128,102,71,52,32,41,33,37,43,49,51,47,47,42,41,39,47,38,47,47,54,78,50,35,31,26,29,34,38,34,23,19,10,10
2,내선,문래,235,26,33,32,47,81,127,97,70,54,46,50,46,45,43,49,51,46,46,42,41,40,48,42,49,48,51,79,55,41,31,34,38,34,38,34,57,23,17,9
2,내선,영등포구청,236,28,35,30,49,83,127,92,69,54,44,55,45,47,45,48,47,47,46,42,40,38,44,42,46,47,54,75,54,38,29,32,34,33,35,31,43,20,14,8
2,내선,당산,237,32,29,51,80,119,98,70,60,45,58,49,50,49,52,50,53,46,43,42,40,47,45,47,51,57,79,56,41,29,31,34,32,35,30,42,19,14,8,0
2,내선,합정,238,23,26,31,44,71,108,86,63,54,40,57,44,46,45,48,45,47,42,38,38,33,39,37,36,45,45,55,42,29,21,21,27,25,29,23,32,15,10,6
2,내선,홍대입구,239,21,21,32,47,77,119,86,64,51,39,56,49,43,46,46,44,47,42,37,39,33,39,37,38,41,42,47,36,25,21,20,30,30,37,32,35,26,13,6
2,내선,신촌(지하),240,21,21,29,45,75,118,86,59,45,34,52,40,45,44,39,45,44,41,36,40,33,42,38,40,41,43,43,35,24,23,22,35,35,46,38,41,35,14,5
2,내선,이대,241,22,20,27,45,75,112,88,55,44,31,44,38,45,39,40,45,44,40,40,41,38,41,44,44,43,45,44,38,26,24,25,33,41,47,41,40,35,13,5
2,내선,아현,242,20,24,28,42,76,115,94,56,45,32,45,39,45,40,41,46,45,41,40,41,38,42,46,44,44,45,44,37,26,24,25,33,40,46,40,39,40,15,6
2,내선,충정로,243,21,24,29,43,73,112,90,56,46,33,42,40,47,41,42,47,46,42,41,43,42,41,52,42,49,48,47,41,27,24,23,34,41,45,42,39,40,14,5
2,외선,시청,201,12,20,12,20,44,42,32,28,27,27,24,32,36,33,38,40,39,38,43,41,47,50,41,59,56,95,110,67,57,54,59,50,54,61,58,43,31,18,9
2,외선,을지로입구,202,11,23,15,25,53,55,43,34,31,28,25,33,36,33,38,40,37,38,41,38,46,47,39,54,53,86,94,61,51,54,53,46,50,57,54,40,29,17,8
2,외선,을지로3가,203,17,26,19,32,71,76,66,44,37,36,29,40,40,36,41,42,39,40,41,37,45,42,39,49,50,72,78,50,43,41,39,36,39,43,44,27,23,15,6
2,외선,을지로4가,204,18,29,21,40,79,81,67,46,38,37,28,39,38,34,38,38,37,36,37,34,41,37,36,45,45,61,65,44,37,37,36,32,35,41,41,25,22,15,5
2,외선,동대문역사문화공원,205,18,28,21,46,82,84,69,45,42,37,30,41,37,35,40,39,36,36,37,35,40,35,35,43,42,59,59,41,35,36,33,30,34,43,41,25,21,13,4
2,외선,신당,206,21,21,21,52,73,87,62,45,46,35,36,51,41,39,45,45,41,45,42,41,49,40,42,52,48,71,73,55,48,49,45,41,43,54,50,29,25,17,3
2,외선,상왕십리,207,22,19,47,70,84,61,43,46,35,35,51,40,39,45,43,42,45,41,41,50,41,41,51,48,73,75,57,48,50,48,40,44,55,49,29,27,16,1,0
2,외선,왕십리,208,16,20,17,44,65,80,57,40,47,35,34,49,39,38,44,42,41,44,41,40,50,41,46,47,48,72,73,58,49,51,47,41,45,58,51,31,26,17,1
2,외선,한양대,209,15,13,37,50,56,36,29,34,24,25,37,28,30,34,33,32,35,34,34,42,34,38,39,40,64,63,48,40,42,41,36,39,50,43,26,21,15,1,0
2,외선,뚝섬,210,10,17,13,37,50,58,36,30,39,26,28,38,29,30,34,32,32,34,30,33,38,28,32,34,38,61,57,48,36,39,37,32,35,43,36,26,20,12,0
2,외선,성수,211,9,18,13,36,49,59,41,31,38,27,31,35,28,30,34,31,31,33,30,32,37,27,31,32,37,53,52,43,34,37,35,30,33,42,35,25,20,0,0
2,외선,건대입구,212,29,26,22,42,70,72,54,34,33,21,27,37,28,32,35,32,32,34,30,33,37,33,37,42,41,46,45,40,30,28,33,31,36,43,35,26,20,8,5
2,외선,구의,213,25,21,20,41,58,59,41,30,28,19,26,36,28,32,35,31,33,32,30,34,37,35,42,46,41,53,55,49,36,32,37,38,40,47,39,26,19,9,6
2,외선,강변,214,18,17,18,35,50,50,34,27,26,19,23,34,27,30,33,29,32,31,30,34,37,35,42,45,41,55,55,52,38,34,39,39,46,54,37,28,21,10,7
2,외선,잠실나루,215,17,17,31,42,44,29,24,21,17,21,29,25,28,30,30,32,32,29,36,38,39,42,45,42,62,62,56,42,36,42,43,51,61,39,33,25,10,9,0
2,외선,잠실,216,16,16,30,38,40,27,22,21,17,21,28,24,28,30,29,31,33,29,35,39,38,41,44,42,64,59,57,42,37,42,45,52,63,41,35,27,10,10,0
2,외선,잠실새내,217,20,16,26,36,37,31,30,24,17,23,30,28,31,33,32,36,37,34,41,43,44,50,51,50,81,80,76,52,52,45,57,65,80,58,52,41,16,17,0
2,외선,종합운동장,218,13,19,15,22,30,32,27,28,22,16,24,28,27,30,32,31,36,38,34,41,43,44,51,50,52,83,84,80,55,52,47,58,66,81,58,53,38,15,16
2,외선,삼성,219,11,19,15,21,30,30,27,27,20,16,23,26,26,31,30,30,35,36,33,40,41,42,53,48,52,87,83,78,52,51,49,57,68,85,49,51,36,15,15
2,외선,선릉,220,29,24,20,32,46,50,57,49,40,25,33,34,34,38,36,37,43,40,36,43,42,43,53,45,51,75,75,70,49,41,42,49,60,73,45,47,35,15,11
2,외선,역삼,221,51,28,30,48,66,76,86,77,55,38,47,44,44,50,45,49,57,50,47,54,52,52,63,52,61,87,87,79,53,51,50,57,71,79,52,57,44,18,12
2,외선,강남,222,59,33,36,60,83,97,118,104,74,48,57,51,50,55,48,53,64,53,48,55,52,53,61,49,57,71,78,68,49,50,42,51,64,74,52,51,37,17,13
2,외선,교대,223,75,39,50,84,102,121,138,131,91,59,74,59,57,61,55,58,75,59,54,59,57,55,60,53,60,72,84,69,48,49,37,42,51,53,39,40,31,15,13
2,외선,서초,224,79,45,54,89,108,134,152,140,86,63,75,57,58,58,57,54,74,55,51,55,52,50,57,49,55,61,74,58,43,43,34,38,46,44,37,36,30,14,13
2,외선,방배,225,46,57,100,114,141,161,146,82,67,76,57,59,55,55,59,69,51,50,52,47,50,52,48,50,53,73,51,41,40,32,35,40,44,35,36,26,14,13,0
2,외선,사당,226,49,58,97,116,148,170,139,83,72,73,57,60,59,53,59,66,51,49,52,45,50,51,47,50,50,72,50,40,36,32,36,39,41,37,36,25,13,11,0
2,외선,낙성대,227,77,49,61,101,113,139,154,116,71,63,67,54,54,54,48,56,56,45,43,46,41,49,48,45,48,48,70,48,38,35,33,36,39,40,37,35,26,13,12
2,외선,서울대입구,228,47,57,90,106,128,144,108,64,57,62,50,51,50,46,54,53,42,42,43,41,46,46,42,47,49,68,48,39,34,33,37,42,37,41,37,24,15,13,0
2,외선,봉천,229,67,41,55,77,92,111,128,98,58,52,58,46,47,45,41,49,49,38,38,39,37,41,40,37,42,45,64,47,39,33,31,34,39,34,37,36,24,15,12
2,외선,신림,230,62,41,51,70,87,103,119,91,54,51,53,44,44,45,40,47,47,37,38,38,37,40,39,37,43,45,67,49,40,34,32,35,41,35,40,38,26,17,13
2,외선,신대방,231,34,39,56,67,79,91,72,41,46,44,38,38,39,35,43,42,34,35,36,35,40,37,39,44,54,78,61,49,40,38,42,50,43,51,49,35,23,20,0
2,외선,구로디지털단지,232,42,27,39,54,62,73,83,62,39,44,43,37,37,38,35,43,41,35,35,38,36,43,36,43,46,62,86,67,55,42,42,51,59,45,59,53,39,20,23
2,외선,대림,233,35,24,39,48,60,83,96,68,49,46,44,36,41,37,37,46,42,37,41,40,40,47,39,46,51,59,89,72,62,44,48,58,73,52,70,67,50,28,25
2,외선,신도림,234,24,23,34,44,52,80,83,50,36,31,31,30,41,37,38,46,42,37,43,41,42,51,48,51,64,71,94,64,44,40,53,52,53,51,81,55,32,18,13
2,외선,문래,235,27,33,37,36,73,84,56,31,26,26,22,26,35,32,32,41,35,35,39,40,42,53,48,64,66,85,108,73,53,49,63,67,63,77,85,71,36,21,13
2,외선,영등포구청,236,26,32,35,33,71,87,59,32,27,27,22,26,36,31,31,40,35,34,39,39,42,53,47,62,62,83,105,70,53,49,63,67,63,77,85,71,37,19,14
2,외선,당산,237,29,29,31,67,78,50,30,23,27,21,23,32,30,30,38,34,33,37,38,40,49,46,60,60,74,100,69,53,52,64,68,64,83,89,75,40,21,13,0
2,외선,합정,238,22,28,27,30,66,81,51,28,22,25,19,27,30,30,32,40,34,35,39,38,43,54,47,63,58,82,101,70,58,54,69,72,69,90,91,80,44,24,16
2,외선,홍대입구,239,18,18,17,19,44,51,31,20,16,18,16,25,26,25,29,35,31,32,37,37,41,51,44,57,52,79,92,61,55,51,66,61,63,83,76,70,40,21,16
2,외선,신촌(지하),240,19,16,15,14,33,38,25,17,18,18,17,26,29,27,34,37,36,37,40,40,47,55,45,62,55,90,102,68,59,54,66,57,59,71,66,56,34,19,11
2,외선,이대,241,16,16,14,17,38,38,27,21,21,21,20,29,32,29,36,38,38,37,41,39,46,51,43,60,53,90,108,67,60,52,60,50,54,57,56,47,30,18,10
2,외선,아현,242,15,17,14,18,40,39,30,26,25,26,23,32,35,33,38,39,38,38,41,40,46,50,40,57,54,93,109,69,58,51,58,49,52,56,57,43,29,17,8
2,외선,충정로,243,13,20,12,18,39,38,29,26,25,25,24,31,35,33,38,40,38,37,42,40,46,51,40,59,54,94,111,67,58,53,60,50,53,61,57,42,30,18,9
3,상선,지축,309,28,21,14,16,17,28,21,17,20,12,17,20,20,19,25,23,25,24,32,33,33,30,40,36,45,78,85,88,73,40,46,48,54,43,47,48,35,20,21
3,상선,구파발,310,29,15,9,10,15,17,10,8,10,7,10,12,14,11,25,22,19,13,24,25,33,29,21,29,42,41,44,49,36,29,23,29,27,25,29,22,15,10,1
3,상선,연신내,311,33,20,11,11,17,20,12,11,11,10,10,14,17,18,25,26,22,22,25,32,40,35,32,35,43,49,64,51,45,35,35,30,35,32,36,28,19,13,4
3,상선,불광,312,28,20,11,13,17,19,13,12,13,12,13,16,19,21,30,31,28,26,31,40,51,44,42,47,59,69,90,71,63,48,47,40,48,45,49,38,27,19,10
3,상선,녹번,313,14,9,12,16,17,12,12,14,12,13,17,20,23,33,32,29,28,33,45,54,47,45,51,64,75,98,76,68,51,51,43,51,48,52,42,30,22,13,0
3,상선,홍제,314,22,16,10,12,16,17,13,12,14,12,14,17,21,24,34,32,29,29,35,47,56,48,49,58,69,82,107,83,74,57,55,48,55,52,57,46,33,24,15
3,상선,무악재,315,18,17,10,13,15,18,14,14,16,13,15,19,23,26,37,35,32,32,37,53,60,52,53,62,76,87,114,91,77,62,59,53,59,63,60,50,33,24,17
3,상선,독립문,316,18,17,9,12,15,18,14,14,16,13,15,19,23,26,36,36,32,33,39,59,59,52,54,63,77,89,117,93,79,64,60,56,60,65,61,50,34,25,10
3,상선,경복궁,317,18,17,9,14,16,19,15,15,17,14,17,19,24,28,38,37,32,34,41,59,60,53,54,68,81,98,114,94,80,66,59,57,61,66,63,52,36,26,12
3,상선,안국,318,19,18,11,18,23,30,32,24,28,22,26,28,33,36,49,45,38,39,45,63,64,54,56,70,83,95,114,94,79,63,57,58,60,67,63,52,36,27,12
3,상선,종로3가,319,19,18,15,28,39,41,45,34,38,28,34,36,43,43,58,51,44,43,49,68,66,55,56,69,82,91,108,93,77,59,55,55,55,65,59,49,33,23,12
3,상선,을지로3가,320,9,12,11,25,30,38,39,29,30,25,29,34,38,39,52,44,38,37,44,57,52,45,47,59,67,79,90,76,63,49,45,45,45,52,48,37,26,20,10
3,상선,충무로,321,10,9,11,24,34,45,46,33,31,26,30,34,38,40,50,42,38,37,47,56,50,43,45,56,62,70,81,68,55,43,39,40,39,46,42,31,22,18,10
3,상선,동대입구,322,9,8,10,23,35,47,48,32,31,26,30,38,41,45,54,45,39,42,50,60,57,46,49,59,69,75,94,78,66,50,46,45,43,50,45,34,23,17,9
3,상선,약수,323,8,11,24,36,50,54,34,32,30,32,39,42,45,54,46,39,41,49,58,56,44,46,55,64,71,90,75,61,48,41,42,39,47,43,31,21,17,9,0
3,상선,금호,324,11,7,11,22,34,50,53,34,34,32,33,44,44,47,58,49,43,44,53,65,58,48,52,66,72,85,102,90,70,58,48,50,45,59,49,35,26,19,5
3,상선,옥수,325,9,7,10,20,32,49,46,33,31,30,32,43,43,49,54,48,41,46,54,65,59,49,53,67,71,89,104,92,71,59,49,51,46,61,51,36,26,18,6
3,상선,압구정,326,8,7,11,21,31,50,42,33,31,30,33,45,43,51,57,51,44,50,60,73,64,53,58,73,78,100,113,103,79,66,53,60,52,67,57,41,29,20,4
3,상선,신사,327,7,8,11,22,35,55,50,44,38,34,39,49,46,57,54,51,47,50,60,70,58,52,57,71,71,98,102,90,68,57,46,52,48,59,49,34,25,19,4
3,상선,잠원,328,10,14,25,43,60,60,57,50,41,46,53,50,64,58,54,48,53,64,70,57,52,58,70,70,90,98,83,62,53,40,46,42,49,43,29,23,17,5,0
3,상선,고속터미널,329,7,10,14,25,42,59,60,56,50,40,45,52,50,63,56,54,49,54,65,70,58,53,58,70,70,97,94,84,62,53,43,46,42,51,44,30,24,18,6
3,상선,교대,330,8,11,19,32,49,67,60,56,48,42,51,60,57,73,63,58,54,60,74,78,64,64,70,87,83,128,118,103,74,59,49,54,51,60,54,35,26,21,6
3,상선,남부터미널,331,7,8,17,31,45,64,53,45,40,37,44,50,49,58,51,45,42,45,56,60,49,49,54,70,67,104,98,81,60,46,38,42,42,46,41,24,18,16,4
3,상선,양재,332,8,9,18,31,47,65,58,43,39,35,40,44,43,53,43,37,36,38,49,48,39,43,46,57,57,79,81,67,48,35,31,32,34,38,29,19,15,9,3
3,상선,매봉,333,7,8,14,26,40,56,52,34,31,25,28,29,30,36,29,26,25,24,32,31,25,27,30,35,33,41,42,32,23,17,15,16,17,21,16,10,8,6,2
3,상선,도곡,334,7,9,14,24,42,56,53,34,29,24,27,28,29,34,28,24,24,22,29,27,23,24,28,32,31,32,38,27,19,15,13,14,15,20,14,9,7,6,2
3,상선,대치,335,6,8,14,21,40,50,44,30,25,21,23,23,26,30,24,21,20,20,25,22,20,21,24,27,28,27,31,22,16,12,11,11,13,18,11,8,6,5,2
3,상선,학여울,336,6,6,12,18,35,45,41,27,22,19,22,21,24,26,21,19,18,19,23,20,18,18,22,24,25,23,29,18,13,10,9,9,10,9,8,7,5,5,2
3,상선,대청,337,6,5,11,21,33,51,35,27,21,20,22,20,23,26,21,19,16,18,22,19,17,18,22,24,23,26,25,18,12,10,9,9,9,9,8,6,5,5,2
3,상선,일원,338,6,5,10,18,30,45,33,24,19,18,19,18,21,23,19,17,15,17,20,18,15,15,18,22,17,21,22,15,11,8,8,8,8,8,7,6,5,5,2
3,상선,수서,339,5,5,11,17,28,43,30,21,17,16,17,16,17,19,15,15,13,14,17,14,12,13,13,15,15,20,21,14,10,7,7,7,9,8,7,6,5,4,2
3,상선,가락시장,340,9,14,19,24,39,49,34,20,18,15,15,13,16,17,14,13,12,14,15,13,10,15,15,16,21,22,19,13,9,7,7,7,8,8,6,6,5,3,0
3,상선,경찰병원,341,6,10,12,18,29,35,23,13,13,10,10,9,11,11,9,8,8,10,9,8,7,9,10,10,13,14,11,7,5,5,4,4,4,4,4,3,3,1,0
3,상선,오금,342,5,8,10,14,24,30,21,12,10,9,9,6,9,8,8,7,7,8,8,6,5,7,8,8,10,9,8,6,5,4,3,4,3,4,3,3,3,0,0
3,하선,지축,309,26,24,43,74,90,86,66,75,43,46,38,40,33,33,31,28,30,25,27,25,24,26,30,32,29,36,32,27,19,14,14,13,12,14,20,13,7,3,6
3,하선,구파발,310,11,19,32,47,66,70,55,41,41,42,28,35,24,31,28,35,27,23,20,23,29,26,24,18,25,22,21,16,12,13,10,10,11,13,14,6,5,3,4
3,하선,연신내,311,20,25,37,54,75,98,69,57,48,46,40,35,30,35,33,42,31,27,21,26,32,31,24,20,22,20,20,17,12,10,9,10,10,12,11,8,5,2,4
3,하선,불광,312,29,28,45,61,92,118,83,68,60,51,46,40,38,37,38,50,38,32,25,29,36,36,28,24,24,25,23,20,14,12,11,12,12,13,12,8,7,3,4
3,하선,녹번,313,31,49,68,98,132,95,70,69,55,49,41,42,40,41,52,40,34,27,30,37,38,30,26,26,28,24,20,15,12,11,13,11,13,13,8,7,3,4,0
3,하선,홍제,314,37,34,49,75,105,140,101,77,74,60,55,45,46,40,47,57,46,36,31,31,41,42,35,28,30,30,26,21,15,13,12,13,12,13,14,10,6,4,3
3,하선,무악재,315,38,35,50,77,105,140,111,81,79,61,56,46,48,42,47,55,46,37,31,31,41,44,35,28,30,30,27,21,16,12,12,13,12,13,14,10,6,4,3
3,하선,독립문,316,26,37,51,76,103,139,117,83,78,62,57,50,47,43,49,53,53,37,34,31,42,45,37,29,30,32,28,22,17,12,13,14,12,13,14,11,6,4,3
3,하선,경복궁,317,26,36,46,73,97,133,112,81,79,64,59,54,49,48,52,60,60,45,40,41,50,61,51,39,40,50,37,30,22,18,17,21,19,21,20,15,8,4,3
3,하선,안국,318,26,35,43,64,86,126,104,76,75,62,57,54,49,51,54,66,67,57,45,48,59,74,62,50,46,69,54,40,29,24,22,29,25,28,24,18,11,5,3
3,하선,종로3가,319,22,27,35,51,67,99,85,63,58,49,49,41,40,41,44,54,57,50,40,44,50,66,61,43,41,63,55,40,28,22,21,25,24,27,24,18,11,5,4
3,하선,을지로3가,320,20,25,26,40,53,78,70,54,49,44,44,38,39,39,43,55,57,52,41,45,52,69,62,45,43,72,64,47,31,24,25,28,27,33,27,22,14,7,4
3,하선,충무로,321,20,31,30,47,57,87,73,63,53,47,49,41,41,41,48,57,63,57,41,50,55,75,66,49,46,70,69,50,35,26,26,30,28,34,29,27,15,8,5
3,하선,동대입구,322,19,28,29,46,53,83,65,60,50,41,44,39,36,40,44,53,64,52,45,49,54,76,67,52,46,73,70,52,36,27,27,32,31,35,30,27,15,8,5
3,하선,약수,323,34,33,54,62,97,76,69,58,46,50,42,41,43,47,56,70,58,48,53,57,75,71,57,48,74,74,54,38,29,28,33,31,36,33,29,18,8,7,0
3,하선,금호,324,28,35,33,53,64,100,83,70,61,47,51,42,41,44,48,57,70,57,47,52,57,72,73,56,46,70,72,53,38,28,26,31,30,34,32,27,17,7,7
3,하선,옥수,325,32,38,37,56,70,109,93,80,67,52,56,47,44,48,49,61,74,61,51,51,59,74,76,58,48,70,76,52,38,28,26,31,29,33,31,27,19,8,7
3,하선,압구정,326,15,33,34,52,62,91,82,63,55,44,49,43,42,44,47,51,72,59,53,52,59,76,76,60,49,66,83,58,44,34,31,31,35,37,34,30,19,8,6
3,하선,신사,327,17,33,29,48,57,84,73,53,47,39,43,41,40,44,44,50,71,60,52,54,56,77,80,65,52,72,86,65,48,39,36,39,43,46,44,37,24,11,5
3,하선,잠원,328,32,29,49,57,83,78,53,48,40,44,41,41,45,44,51,72,60,53,54,56,75,82,66,52,69,88,64,48,38,35,38,43,46,42,39,23,10,5,0
3,하선,고속터미널,329,18,39,35,59,78,112,108,70,61,49,50,46,45,49,49,58,84,70,59,57,62,80,89,71,56,74,94,71,56,45,41,41,49,48,44,40,24,11,7
3,하선,교대,330,20,36,32,48,72,93,95,53,46,37,37,35,34,37,39,47,60,54,47,44,49,64,72,62,46,57,72,57,46,36,34,35,41,41,39,36,24,10,6
3,하선,남부터미널,331,18,28,27,41,59,75,68,43,37,30,29,28,28,31,33,40,47,49,40,38,40,53,61,54,41,56,67,52,43,35,33,33,41,38,38,34,23,9,5
3,하선,양재,332,7,19,15,21,31,36,29,20,18,18,18,17,18,19,22,26,30,32,27,25,27,35,44,42,30,42,47,36,31,26,25,26,31,30,29,25,18,8,4
3,하선,매봉,333,8,17,14,19,27,30,23,16,16,16,16,16,17,18,21,24,28,31,29,23,26,34,43,41,30,39,49,37,30,26,24,25,30,28,29,24,17,7,4
3,하선,도곡,334,8,15,12,17,24,26,21,12,13,13,13,15,13,15,19,22,24,26,25,21,24,27,39,36,26,32,41,31,26,22,21,21,25,25,25,22,16,7,4
3,하선,대치,335,8,14,12,13,23,23,18,11,11,11,11,13,11,12,14,17,19,22,20,18,20,24,33,31,22,29,37,28,24,20,18,20,23,27,25,18,13,6,3
3,하선,학여울,336,8,14,11,13,23,24,17,10,10,10,10,12,11,12,13,16,18,21,20,17,20,23,33,31,22,26,37,28,24,21,18,19,23,26,24,17,14,6,3
3,하선,대청,337,7,11,10,12,21,22,16,9,10,9,10,11,11,11,12,15,16,20,18,16,17,21,30,28,22,26,34,25,22,18,16,18,20,23,20,15,11,5,3
3,하선,일원,338,6,10,8,9,16,18,17,8,8,7,8,9,9,9,10,12,13,17,15,14,16,19,28,27,22,24,32,23,20,17,15,16,18,20,17,14,11,4,2
3,하선,수서,339,7,8,7,8,15,17,17,8,8,5,8,8,10,9,10,11,13,15,15,13,15,19,26,27,21,23,30,26,18,16,14,12,19,17,15,10,11,5,2
3,하선,가락시장,340,0,5,4,5,10,12,13,7,6,7,7,7,10,7,6,7,8,10,10,9,10,12,17,19,14,14,27,28,18,14,13,9,14,11,14,14,11,6,4
3,하선,경찰병원,341,0,5,4,4,8,9,8,4,4,5,5,5,6,5,5,6,7,8,8,8,9,10,15,16,14,13,21,19,13,10,10,8,11,9,10,10,7,3,2
3,하선,오금,342,0,0,0,0,0,0,0,0,0,0,0,0,0,0,0,0,0,0,0,0,0,0,0,0,0,0,0,0,0,0,0,0,0,0,0,0,0,0,0
4,상선,당고개,409,0,0,0,0,0,0,0,0,0,0,0,0,0,0,0,0,0,0,0,0,0,0,0,0,0,0,0,0,0,0,0,0,0,0,0,0,0,0,0
4,상선,상계,410,5,2,2,3,2,2,1,2,1,2,2,2,3,3,3,3,3,3,4,4,4,5,6,6,7,7,6,5,4,4,4,5,6,6,5,4,3,2,0
4,상선,노원,411,9,4,5,8,5,5,2,3,3,4,5,5,6,7,7,7,7,8,9,11,11,14,15,17,18,18,16,14,12,11,11,12,15,16,13,11,7,5,0
4,상선,창동,412,0,18,9,12,17,13,11,8,10,7,9,10,11,13,15,16,16,14,16,18,20,20,27,29,33,37,38,32,25,20,20,20,22,26,28,22,18,13,9
4,상선,쌍문,413,0,24,14,17,22,19,15,12,15,11,14,16,16,21,22,23,25,23,26,28,32,32,44,46,54,57,62,54,41,34,33,33,37,43,44,37,30,17,12
4,상선,수유,414,37,17,14,17,20,17,14,12,14,11,15,16,16,22,23,25,27,26,29,33,38,37,52,53,64,67,79,68,53,43,41,42,48,56,56,46,39,22,15
4,상선,미아,415,37,18,14,15,17,17,15,12,14,13,18,18,20,23,26,28,28,29,33,37,43,44,59,61,76,76,96,83,61,55,51,50,58,66,68,56,48,27,19
4,상선,미아삼거리,416,16,14,14,18,17,17,13,14,13,18,19,21,23,28,29,30,31,34,40,44,50,59,66,79,83,99,84,66,57,54,52,61,72,67,60,52,29,20,0
4,상선,길음,417,37,18,15,14,17,19,14,13,15,14,19,20,23,26,30,31,31,33,39,43,49,54,63,74,87,92,110,95,75,60,57,60,69,80,75,68,48,32,22
4,상선,성신여대입구,418,31,18,15,13,16,18,17,15,17,17,21,23,28,28,32,35,34,37,42,46,52,57,67,79,93,100,121,101,79,66,60,65,75,84,85,73,53,34,22
4,상선,한성대입구,419,31,19,16,14,17,22,21,15,22,19,24,27,33,32,36,38,37,41,47,52,57,63,79,84,102,111,134,112,86,69,69,69,87,91,94,80,59,38,15
4,상선,혜화,420,32,20,16,15,19,27,21,16,24,20,25,29,36,33,39,39,40,43,51,54,60,66,82,89,105,116,136,115,86,71,71,71,90,94,97,80,57,37,19
4,상선,동대문,421,29,22,19,22,26,34,36,28,34,29,34,36,45,40,48,49,49,52,59,58,68,72,85,98,114,124,146,124,89,74,68,72,89,92,87,80,57,37,20
4,상선,동대문역사문화공원,422,22,22,20,23,29,35,39,33,36,33,39,40,48,44,51,51,53,54,59,61,68,71,83,96,107,117,141,121,85,74,67,71,88,90,85,78,56,37,20
4,상선,충무로,423,14,15,16,18,20,32,30,27,28,27,31,33,37,36,42,45,45,45,49,51,53,59,68,79,81,96,96,83,64,54,49,56,65,66,61,53,37,26,15
4,상선,명동,424,12,16,17,20,22,41,32,33,31,31,33,35,38,38,42,44,43,45,47,48,48,52,62,70,68,77,75,64,48,42,38,43,51,52,46,40,26,18,9
4,상선,회현,425,12,17,19,23,27,49,41,38,34,33,34,35,40,39,46,45,43,45,44,47,44,51,57,63,63,68,66,56,42,35,31,33,37,40,32,30,23,17,9
4,상선,서울역,426,11,18,22,27,32,51,51,44,38,37,39,40,43,42,44,43,41,41,39,41,38,43,47,49,51,54,56,47,35,28,26,30,34,36,31,28,22,16,9
4,상선,숙대입구,427,16,17,19,25,32,49,48,38,34,28,30,28,32,32,33,31,32,28,30,30,28,31,34,38,36,39,40,31,24,19,18,20,24,26,22,21,16,12,8
4,상선,삼각지,428,14,16,19,27,34,54,49,39,32,33,31,29,32,32,32,30,32,29,28,27,26,30,30,35,32,36,38,30,23,17,17,18,22,23,21,21,13,12,9
4,상선,신용산,429,18,21,30,37,61,51,44,37,36,33,33,33,34,35,33,34,31,30,28,27,33,33,39,35,39,44,34,26,20,19,21,25,25,24,23,16,11,10,0
4,상선,이촌,430,15,18,22,33,40,65,55,48,36,37,32,35,32,35,35,32,32,32,30,27,28,32,32,38,33,34,41,31,23,18,18,19,23,23,23,21,15,11,10
4,상선,동작,431,16,23,23,35,50,65,58,45,40,37,34,36,34,37,36,36,33,35,30,29,31,35,36,40,38,39,48,34,27,21,21,25,26,29,27,23,18,12,11
4,상선,총신대입구,432,18,25,27,40,51,77,60,48,41,39,35,37,33,39,37,36,35,36,29,33,30,36,38,40,38,41,47,33,25,21,21,25,28,29,26,24,16,13,0
4,상선,사당,433,26,26,41,50,77,64,58,35,41,41,40,27,41,40,37,39,33,33,37,34,41,39,41,39,45,56,36,28,20,25,25,29,31,27,25,18,15,2,0
4,상선,남태령,434,20,31,38,89,102,107,103,115,77,73,59,71,64,56,54,66,60,51,44,52,53,55,54,69,70,85,100,66,46,33,34,28,27,22,27,26,18,12,3
4,하선,당고개,409,3,4,8,12,11,9,7,6,5,5,5,4,4,4,4,4,4,3,4,3,4,3,3,3,3,3,3,2,2,1,2,1,2,1,1,1,0,0,0
4,하선,상계,410,8,15,26,34,29,24,18,15,13,11,11,10,10,10,10,9,8,8,8,7,8,8,8,8,7,6,6,4,4,4,4,4,6,4,3,2,1,0,0
4,하선,노원,411,14,24,35,49,50,40,28,24,22,19,20,19,18,17,19,17,16,15,14,16,16,17,18,16,14,14,12,10,11,10,11,12,15,14,12,9,4,0,0
4,하선,창동,412,19,20,28,40,62,72,67,48,40,37,33,36,31,29,29,30,27,26,24,24,25,27,25,22,18,22,22,18,15,12,16,15,15,18,18,15,12,4,6
4,하선,쌍문,413,31,25,36,54,83,95,85,62,50,47,41,42,38,36,34,34,33,29,27,27,27,28,28,24,21,23,23,19,16,13,17,15,15,17,17,14,11,4,6
4,하선,수유,414,38,30,42,62,97,115,102,75,57,54,48,48,44,41,40,39,36,34,30,30,30,32,31,26,25,27,21,20,17,16,14,16,15,16,16,15,11,3,5
4,하선,미아,415,45,32,45,64,101,122,106,83,61,58,50,50,47,44,41,43,38,35,32,33,32,33,33,28,25,28,24,20,18,16,14,16,16,16,16,16,11,4,5
4,하선,미아삼거리,416,36,48,71,111,132,122,91,65,63,54,53,52,47,44,45,43,37,34,35,34,35,37,30,27,29,25,21,19,18,16,17,17,16,16,16,13,4,5,0
4,하선,길음,417,64,36,54,77,120,142,135,101,73,67,58,55,55,51,48,47,45,40,37,39,37,37,42,33,31,33,27,23,21,19,17,18,18,18,17,17,14,4,4
4,하선,성신여대입구,418,68,40,57,82,130,153,144,111,79,73,64,60,60,58,53,52,51,45,41,46,42,41,47,39,35,37,34,26,25,22,20,22,22,23,21,21,16,5,4
4,하선,한성대입구,419,54,41,56,80,128,160,147,117,86,76,68,62,62,61,55,54,54,47,44,49,47,44,52,43,38,40,37,28,26,23,23,25,25,26,24,23,20,7,4
4,하선,혜화,420,57,42,53,79,121,151,143,114,83,76,69,66,65,68,61,59,59,53,51,60,56,55,63,56,46,53,44,35,33,31,32,38,42,59,45,42,32,12,6
4,하선,동대문,421,59,41,50,71,114,142,141,113,85,71,67,64,66,68,62,60,63,55,54,63,60,59,68,61,51,59,50,36,30,35,33,37,43,58,49,42,31,12,6
4,하선,동대문역사문화공원,422,46,30,35,47,73,92,105,81,66,56,55,51,56,55,50,48,51,45,45,51,50,49,55,49,42,46,41,30,24,29,27,31,33,43,39,33,24,9,5
4,하선,충무로,423,40,23,26,36,53,68,74,59,53,43,45,45,50,48,46,44,45,42,45,49,48,49,53,51,43,51,46,36,31,28,31,33,36,44,39,33,23,8,4
4,하선,명동,424,38,22,24,33,47,60,59,51,43,37,39,39,44,43,40,40,40,38,40,45,46,47,50,49,40,53,48,38,32,30,34,38,43,53,45,37,23,8,4
4,하선,회현,425,25,23,21,27,38,48,44,39,32,29,29,30,35,36,36,36,37,37,38,45,46,49,54,54,44,59,54,42,35,34,39,39,44,53,45,39,27,12,4
4,하선,서울역,426,25,15,14,18,24,32,29,24,23,21,20,21,25,26,26,28,28,28,30,33,34,37,41,43,37,53,47,44,29,27,25,38,36,42,36,31,23,12,5
4,하선,숙대입구,427,27,16,13,17,23,28,24,22,20,18,19,20,23,24,25,27,26,28,29,34,34,38,43,44,38,53,47,45,30,27,26,39,37,43,37,31,23,11,5
4,하선,삼각지,428,30,19,14,21,25,35,29,26,24,20,21,22,24,26,27,28,27,31,30,36,36,39,45,49,41,56,59,43,33,29,28,41,41,49,42,35,25,12,5
4,하선,신용산,429,18,13,19,24,31,23,22,21,18,19,21,23,25,26,26,28,30,29,35,36,39,45,50,42,60,61,45,35,30,35,36,42,50,42,36,26,13,7,0
4,하선,이촌,430,37,21,16,21,29,37,27,25,25,20,23,24,25,30,29,28,30,32,31,36,39,41,49,53,47,58,66,52,38,31,37,38,45,52,48,37,31,14,6
4,하선,동작,431,0,24,15,22,27,37,32,25,26,21,23,24,25,30,29,29,30,32,32,36,39,43,47,57,49,58,73,57,43,33,39,39,47,53,51,39,36,16,7
4,하선,총신대입구,432,0,31,19,23,32,42,32,27,27,22,25,26,26,31,31,29,31,31,32,35,41,43,46,55,49,54,72,58,44,34,40,40,48,54,52,41,36,16,5
4,하선,사당,433,28,17,18,27,40,25,21,16,20,19,20,15,21,23,23,28,25,22,32,27,34,43,33,42,41,65,47,38,17,43,43,36,60,39,46,30,11,6,0
4,하선,남태령,434,23,39,32,40,54,78,49,37,31,28,37,38,39,35,38,46,48,42,44,54,61,56,60,81,84,81,109,95,65,50,86,65,54,80,65,61,67,20,14
5,상선,방화,2511,0,0,0,0,0,0,0,0,0,0,0,0,0,0,0,0,0,0,0,0,0,0,0,0,0,0,0,0,0,0,0,0,0,0,0,0,0,0,0
5,상선,개화산,2512,4,2,1,1,3,6,3,1,1,1,2,2,2,2,2,2,3,2,2,3,3,3,4,4,5,5,6,5,4,4,5,4,5,5,5,4,3,3,2
5,상선,김포공항,2513,6,3,3,3,7,10,6,2,2,3,3,3,3,4,4,4,4,4,4,4,5,6,7,7,8,10,10,8,7,8,8,8,7,8,8,6,5,5,3
5,상선,송정,2514,21,12,10,13,18,18,8,4,5,6,7,7,8,9,8,9,8,8,8,9,9,11,11,13,14,18,14,10,8,8,9,9,8,9,8,6,5,4,3
5,상선,마곡,2515,24,14,11,15,22,20,10,5,6,7,8,9,9,10,10,10,9,10,10,11,11,13,14,16,18,23,19,15,11,12,12,12,11,12,11,9,7,6,4
5,상선,발산,2516,26,16,13,17,25,26,11,6,7,8,9,9,10,10,11,11,10,11,11,12,12,14,16,18,19,24,22,17,14,15,15,14,14,15,14,10,9,7,6
5,상선,우장산,2517,25,21,23,33,33,19,9,12,10,12,12,13,12,14,13,14,12,13,14,15,16,19,20,23,29,28,23,18,18,18,15,16,18,16,12,12,9,7,0
5,상선,화곡,2518,31,24,20,25,37,37,18,10,13,11,13,13,15,13,16,16,17,15,16,17,19,20,24,25,30,37,38,32,26,26,25,22,24,26,24,19,19,14,11
5,상선,까치산,2519,25,24,20,25,37,35,18,11,14,12,15,15,17,16,20,19,21,19,20,23,25,27,32,35,45,58,59,52,43,44,38,38,36,44,40,34,30,23,16
5,상선,신정,2520,18,22,14,15,23,20,12,8,11,11,12,13,15,16,17,19,19,18,21,24,27,31,35,40,49,66,65,53,44,48,44,42,42,51,46,36,32,25,19
5,상선,목동,2521,15,21,13,14,21,18,11,8,11,11,12,13,16,17,18,20,20,20,23,26,29,34,38,44,55,73,72,58,51,55,50,48,48,58,52,41,36,27,21
5,상선,오목교,2522,14,21,14,15,21,19,12,9,13,13,14,15,18,19,21,23,24,23,27,31,34,40,45,52,66,85,87,69,62,64,59,56,56,71,62,49,44,32,25
5,상선,양평,2523,14,22,16,17,23,26,21,13,20,18,20,20,22,25,27,29,30,29,32,36,40,45,53,60,78,97,99,78,70,67,63,58,60,72,67,54,49,36,29
5,상선,영등포구청,2524,14,23,14,17,24,30,23,15,22,19,21,21,23,25,28,29,31,29,34,37,41,46,54,60,78,96,100,78,71,68,64,60,62,74,68,54,51,37,30
5,상선,영등포시장,2525,13,18,11,13,20,23,17,12,17,15,17,17,18,21,22,23,24,24,26,30,34,37,43,50,63,79,83,61,57,54,50,48,49,59,50,41,37,29,22
5,상선,신길,2526,11,18,11,14,21,26,18,13,19,16,17,18,19,22,23,25,24,25,27,31,33,38,43,51,65,81,81,60,57,55,48,48,52,58,50,41,38,30,22
5,상선,여의도,2527,9,16,12,16,23,28,16,14,18,17,19,19,21,23,24,26,26,27,29,34,36,41,47,58,75,100,93,66,64,60,54,54,58,65,56,45,39,28,3
5,상선,여의나루,2528,13,19,19,34,54,57,37,23,25,21,22,22,24,25,26,29,29,28,29,32,35,39,45,52,68,84,81,54,51,49,43,44,49,54,47,36,30,23,6
5,상선,마포,2529,13,21,20,37,59,65,39,24,27,23,22,24,24,26,27,31,28,28,30,32,35,40,44,55,68,82,78,52,50,47,42,45,48,53,45,36,31,24,7
5,상선,공덕,2530,12,19,22,41,61,65,41,27,28,24,22,24,25,27,27,30,29,29,30,32,35,40,44,55,67,78,77,52,51,46,41,43,48,51,44,36,31,24,8
5,상선,애오개,2531,13,19,20,35,51,57,35,25,28,24,22,24,25,27,26,31,30,29,31,33,37,41,45,54,67,80,78,54,54,46,41,42,47,50,41,35,30,23,4
5,상선,충정로,2532,18,19,19,34,50,57,36,25,28,24,22,24,25,26,26,30,29,29,31,33,36,41,45,54,66,81,77,54,53,46,41,44,48,51,42,36,31,25,6
5,상선,서대문,2533,17,18,21,36,51,57,36,27,27,24,22,24,25,26,26,30,29,29,31,33,36,41,44,55,66,78,73,52,51,45,39,43,48,50,40,35,29,24,5
5,상선,광화문,2534,16,19,23,39,56,68,45,32,32,26,23,25,26,25,26,30,30,29,31,32,35,38,41,51,62,67,66,49,49,42,37,39,45,47,39,34,28,24,6
5,상선,종로3가,2535,17,22,28,49,76,89,70,46,44,35,29,28,29,28,29,30,32,29,31,30,33,34,39,45,52,44,48,38,39,30,28,27,33,33,29,28,24,17,6
5,상선,을지로4가,2536,16,23,30,51,73,84,66,50,49,37,33,31,31,29,29,31,30,27,28,28,28,31,34,41,46,37,41,33,31,24,22,21,25,24,23,21,18,15,5
5,상선,동대문역사문화공원,2537,16,24,31,56,76,89,73,54,53,40,35,32,32,30,30,31,31,27,28,28,28,31,33,40,42,34,38,30,29,23,21,20,23,24,22,20,18,11,3
5,상선,청구,2538,18,24,32,54,75,92,74,63,57,47,40,37,35,32,33,32,32,28,28,27,27,29,33,38,40,32,35,29,29,21,19,19,21,20,19,15,14,8,3
5,상선,신금호,2539,21,23,35,56,79,94,75,68,61,49,41,40,36,34,35,35,34,30,29,30,29,33,37,43,41,35,38,32,32,23,22,21,24,22,20,18,17,10,4
5,상선,행당,2540,23,34,54,77,92,73,66,60,49,41,39,35,34,35,35,33,30,29,30,30,33,36,42,41,35,39,33,33,24,22,21,25,23,21,19,17,11,4,0
5,상선,왕십리,2541,19,21,32,56,73,88,66,64,58,47,40,38,34,33,35,34,33,30,29,30,30,34,37,43,41,36,40,34,35,25,23,23,25,24,22,20,19,8,2
5,상선,마장,2542,31,25,37,65,86,106,83,80,68,55,44,45,38,40,40,41,35,35,32,33,34,38,40,50,43,40,41,36,34,25,23,23,25,23,21,20,18,7,3
5,상선,답십리,2543,26,37,65,90,104,79,80,67,54,44,44,37,39,39,40,35,34,31,33,33,36,39,48,41,40,39,37,34,24,23,23,25,23,21,20,17,5,3,0
5,상선,장한평,2544,25,25,37,60,83,95,72,74,64,51,42,42,36,37,37,38,34,33,30,31,32,35,38,46,40,39,38,37,34,24,23,23,25,24,21,20,17,6,4
5,상선,군자,2545,23,23,35,58,78,93,74,71,61,47,40,40,35,36,36,37,33,31,30,30,31,34,37,46,36,36,36,37,31,25,23,23,26,24,22,21,18,7,5
5,상선,아차산,2546,28,26,38,63,80,96,75,78,70,54,45,45,40,40,42,42,37,36,35,35,38,42,47,57,47,49,53,51,42,34,30,32,32,32,29,26,17,11,5
5,상선,광나루,2547,25,24,35,58,77,90,71,72,66,51,43,43,38,38,39,39,35,33,33,33,36,40,46,55,46,50,52,52,43,34,30,32,33,32,28,27,17,9,4
5,상선,천호,2548,22,25,36,55,73,85,64,67,57,48,40,41,35,37,36,38,32,32,30,33,34,39,43,55,42,49,51,50,41,32,29,33,31,31,27,28,18,10,4
5,상선,강동,2549,18,21,32,50,70,77,63,61,51,43,35,37,30,33,32,33,29,29,26,27,27,32,36,45,34,38,36,34,28,20,20,20,21,22,18,19,12,3,3
5,상선,길동,2550,23,22,36,60,76,88,65,63,55,43,35,36,31,33,33,34,29,28,27,27,27,32,39,45,33,31,25,26,19,16,15,18,16,20,13,12,8,3,0
5,상선,굽은다리,2551,18,19,31,53,69,76,57,54,45,37,31,30,28,30,29,30,25,25,23,25,24,30,37,41,30,26,21,21,17,13,12,14,13,17,11,10,7,3,0
5,상선,명일,2552,12,16,27,43,55,58,43,41,34,28,24,24,22,23,23,23,19,19,19,20,20,25,31,33,23,21,17,16,13,10,9,11,10,13,8,8,6,3,0
5,상선,고덕,2553,8,11,20,32,41,44,33,30,25,20,17,17,16,18,16,16,13,13,14,15,15,19,24,26,18,16,13,12,9,7,7,8,8,9,6,6,5,2,0
5,상선,상일동,2554,4,7,13,22,27,29,21,18,14,11,10,9,7,8,8,7,6,6,5,6,5,8,11,15,9,9,7,5,4,3,3,2,2,2,2,2,1,0,0
5,상선,둔촌동,2555,16,15,23,37,47,51,40,42,41,32,30,30,25,26,27,26,26,24,24,27,28,31,35,40,29,44,46,43,34,26,24,27,28,28,25,24,9,6,4
5,상선,올림픽공원,2556,13,14,20,30,39,42,35,36,32,27,26,24,22,23,23,23,21,21,19,24,23,30,31,36,26,40,44,41,35,25,23,25,25,28,24,22,9,6,4
5,상선,방이,2557,13,13,17,28,38,39,33,33,30,25,24,22,20,21,21,22,20,20,17,22,20,26,27,31,23,38,42,40,34,23,22,24,24,28,23,19,7,0,5
5,상선,오금,2558,12,11,13,24,33,34,30,28,26,22,21,20,17,19,19,19,18,18,15,20,19,24,26,30,23,35,40,37,29,20,21,20,21,22,18,16,6,0,4
5,상선,개롱,2559,13,11,15,24,33,35,27,26,21,19,17,14,13,15,14,15,13,12,11,12,12,14,17,16,12,16,14,13,9,8,7,8,8,8,6,5,2,0,1
5,상선,거여,2560,10,7,10,16,22,24,19,18,14,12,10,9,9,10,9,10,8,7,7,8,7,9,11,8,7,10,8,8,5,5,4,5,5,4,3,3,1,0,0
5,상선,마천,2561,6,4,4,7,9,12,8,8,6,5,4,4,4,4,4,4,4,3,3,3,3,3,4,3,3,4,3,3,2,2,2,2,1,1,1,1,0,0,0
5,하선,방화,2511,3,3,4,5,6,6,6,5,4,3,4,3,3,3,3,4,3,3,3,3,3,3,5,3,3,3,2,2,2,2,1,1,1,1,1,1,1,0,0
5,하선,개화산,2512,5,6,6,9,11,11,10,9,7,6,6,5,5,5,5,5,5,5,5,5,5,6,7,5,5,7,6,5,3,3,2,3,3,3,2,2,1,1,0
5,하선,김포공항,2513,4,6,7,8,11,15,16,12,10,8,7,7,8,8,8,9,9,9,9,9,9,11,13,9,9,12,16,16,11,11,8,8,10,11,10,8,5,3,3
5,하선,송정,2514,7,8,10,12,16,21,21,16,15,12,10,9,10,10,10,10,11,10,11,10,12,13,15,12,11,15,17,19,14,12,9,9,11,12,11,9,6,3,3
5,하선,마곡,2515,9,10,11,16,21,25,24,19,17,14,12,11,12,11,12,12,13,12,12,12,13,14,17,17,15,19,20,21,15,13,10,10,11,13,11,10,6,3,3
5,하선,발산,2516,11,10,12,18,25,29,26,22,19,16,14,13,14,14,15,15,15,15,15,16,18,20,25,26,20,26,25,26,19,18,14,16,15,19,14,14,9,4,3
5,하선,우장산,2517,16,18,28,35,39,35,30,27,21,20,18,19,19,19,19,19,17,17,17,20,23,29,31,22,28,26,27,21,19,16,16,17,19,15,14,9,4,2,0
5,하선,화곡,2518,19,28,31,46,57,65,60,51,41,31,29,26,26,26,27,26,25,23,22,22,25,28,33,36,25,31,27,30,24,20,17,18,18,21,16,15,9,4,1
5,하선,까치산,2519,21,20,32,52,65,77,71,59,44,33,30,28,25,26,27,27,25,22,20,20,21,23,27,31,20,24,22,23,18,16,13,13,14,15,13,12,8,3,4
5,하선,신정,2520,28,23,36,60,77,91,85,72,56,40,34,32,29,29,30,30,27,25,22,21,22,23,27,32,20,24,22,23,19,16,14,12,14,14,12,11,7,3,4
5,하선,목동,2521,31,26,42,71,88,104,93,80,63,45,39,37,33,33,34,34,30,28,25,24,25,27,29,37,23,27,25,25,20,18,15,14,16,17,14,13,9,3,4
5,하선,오목교,2522,33,28,43,76,95,110,96,84,65,49,42,40,35,37,36,37,33,31,28,28,28,31,34,43,27,36,30,30,25,25,21,19,21,25,20,16,10,4,5
5,하선,양평,2523,36,27,42,78,98,110,99,88,70,52,44,42,37,37,37,38,35,32,30,28,30,31,34,43,29,40,35,32,27,26,23,21,22,26,20,16,12,4,5
5,하선,영등포구청,2524,29,22,34,60,81,92,75,67,54,40,34,33,28,28,29,30,28,26,23,21,23,24,26,32,22,28,26,23,20,18,17,15,16,18,15,12,11,4,4
5,하선,영등포시장,2525,29,22,33,59,79,93,75,65,53,39,33,33,27,28,29,29,26,25,22,21,23,25,26,34,24,30,28,24,21,19,17,16,17,18,15,13,11,4,4
5,하선,신길,2526,33,26,37,64,87,107,92,72,60,41,35,35,29,30,30,31,28,26,23,23,23,25,28,35,26,31,32,28,23,20,18,16,18,19,16,14,12,4,3
5,하선,여의도,2527,31,20,29,50,67,87,75,61,56,39,33,35,31,29,30,32,32,28,26,25,27,29,32,44,39,60,58,47,36,30,28,26,28,30,24,19,15,5,3
5,하선,여의나루,2528,31,20,27,46,63,80,74,61,55,39,33,36,31,29,30,32,32,28,27,26,27,30,33,46,44,64,65,50,38,32,29,28,29,31,24,20,18,6,3
5,하선,마포,2529,31,20,28,46,62,78,71,57,54,39,33,36,31,30,31,33,32,29,27,28,28,31,34,47,46,62,69,51,39,32,30,29,30,32,26,20,18,6,2
5,하선,공덕,2530,29,19,26,43,64,82,70,56,54,41,36,36,33,30,32,33,34,31,28,28,27,30,34,42,44,53,61,45,36,29,28,27,28,29,26,20,18,6,5
5,하선,애오개,2531,22,18,27,44,65,81,74,54,54,41,36,37,33,31,32,34,34,31,28,29,27,30,34,42,46,52,62,46,36,29,27,27,28,29,24,20,17,5,4
5,하선,충정로,2532,22,18,26,43,62,77,73,50,53,40,35,36,32,31,32,33,34,31,27,28,27,29,34,42,45,50,62,45,36,29,27,27,27,28,24,20,17,5,7
5,하선,서대문,2533,24,17,22,35,56,65,61,46,48,41,35,35,34,33,32,33,34,31,29,29,30,31,37,45,52,61,69,49,39,33,31,30,30,32,27,21,17,8,7
5,하선,광화문,2534,23,15,17,27,38,41,31,31,37,35,31,32,31,32,30,33,33,33,32,34,34,37,42,54,62,81,85,59,51,44,42,43,44,47,38,28,22,9,8
5,하선,종로3가,2535,9,18,16,23,33,34,22,22,26,25,22,23,23,26,25,27,27,28,27,31,31,36,40,52,60,70,79,58,51,45,43,45,47,51,41,32,25,11,9
5,하선,을지로4가,2536,9,19,14,20,30,32,19,19,24,24,22,22,23,24,24,27,27,27,28,30,32,36,40,51,63,72,84,62,54,49,45,45,47,52,42,32,26,11,9
5,하선,동대문역사문화공원,2537,15,22,16,21,31,31,18,18,23,22,21,20,23,24,25,29,28,28,31,34,35,42,45,59,70,75,86,64,58,55,51,51,54,64,51,41,31,16,12
5,하선,청구,2538,20,24,18,23,33,36,19,19,24,23,23,22,25,26,27,30,30,30,32,37,38,44,49,65,74,77,87,66,60,58,54,53,56,66,58,45,35,17,13
5,하선,신금호,2539,22,25,17,23,34,38,20,19,25,23,22,22,24,26,27,30,30,29,33,34,39,41,49,59,73,72,87,66,61,55,55,51,54,63,57,44,35,20,12
5,하선,행당,2540,26,18,26,38,41,25,20,26,25,23,23,25,26,28,30,30,29,32,34,38,40,48,58,72,70,85,64,59,53,53,50,52,59,57,41,33,19,11,0
5,하선,왕십리,2541,17,27,19,25,36,39,24,18,26,25,24,24,26,29,30,32,33,32,35,38,43,47,55,66,82,75,97,72,67,62,63,60,63,70,69,50,39,24,13
5,하선,마장,2542,10,26,19,25,35,39,25,17,25,25,23,24,26,28,30,32,32,31,35,37,43,47,55,66,81,75,95,71,67,60,62,59,62,69,68,52,42,24,13
5,하선,답십리,2543,29,19,26,38,41,25,17,25,25,23,23,24,28,28,29,32,30,33,34,40,43,52,61,75,70,90,68,62,57,57,54,59,62,63,48,38,22,11,0
5,하선,장한평,2544,22,29,19,28,40,43,23,17,23,23,23,22,23,27,28,28,31,29,32,33,39,43,51,61,73,73,88,66,59,54,54,51,56,59,59,45,36,22,11
5,하선,군자,2545,22,42,29,41,64,70,35,23,28,28,28,27,28,32,32,33,36,34,36,38,44,46,55,65,78,76,88,70,63,58,57,55,60,66,66,49,41,25,10
5,하선,아차산,2546,26,50,29,40,61,73,37,23,28,27,28,26,26,30,31,33,34,32,34,36,41,43,51,58,73,74,80,67,58,54,53,51,57,59,61,46,38,22,25
5,하선,광나루,2547,27,49,29,41,60,70,40,23,28,26,27,25,25,29,30,32,33,32,33,35,40,41,50,57,70,72,76,65,55,51,49,48,54,56,57,43,35,21,21
5,하선,천호,2548,22,39,21,27,42,45,26,14,18,18,21,18,18,21,23,25,26,26,28,29,33,36,42,48,56,63,65,56,47,43,46,45,45,49,52,39,30,15,21
5,하선,강동(상일동방면),2549,4,7,8,6,11,17,8,6,8,9,8,11,8,12,10,16,10,16,12,18,15,22,18,22,18,29,38,36,22,25,31,20,29,20,28,23,18,11,9
5,하선,길동,2550,14,17,22,20,32,26,14,9,14,16,19,18,19,18,23,24,24,24,28,28,34,34,42,47,58,63,69,64,46,46,47,46,45,46,51,41,33,14,17
5,하선,굽은다리,2551,14,16,22,16,28,21,12,6,10,11,13,13,13,14,16,17,18,19,19,19,23,24,28,32,40,44,48,44,32,32,33,32,30,33,36,29,23,9,12
5,하선,명일,2552,13,14,18,13,23,17,9,5,7,8,10,10,10,10,11,13,13,13,13,13,16,16,20,21,27,30,33,30,22,22,24,23,22,23,25,20,16,7,8
5,하선,고덕,2553,9,10,13,6,9,8,3,2,2,3,4,4,4,4,5,5,5,5,5,6,8,9,11,11,14,16,18,17,12,12,14,13,12,13,15,11,9,4,4
5,하선,상일동,2554,0,0,0,0,0,0,0,0,0,0,0,0,0,0,0,0,0,0,0,0,0,0,0,0,0,0,0,0,0,0,0,0,0,0,0,0,0,0,0
5,하선,둔촌동,2555,6,9,12,19,35,78,38,15,19,17,19,17,16,20,21,21,23,21,22,22,25,27,31,23,20,31,37,33,25,25,26,25,27,28,29,23,18,7,14
5,하선,올림픽공원,2556,7,6,10,16,27,71,34,14,18,17,16,16,15,17,19,19,21,19,20,21,24,26,31,25,20,27,34,30,24,24,24,24,25,25,27,22,16,7,13
5,하선,방이,2557,7,7,8,16,25,66,30,14,15,16,15,14,14,16,17,18,19,17,17,18,22,23,26,22,17,24,29,25,20,21,21,21,22,24,24,20,13,6,10
5,하선,오금,2558,2,4,3,5,8,18,14,5,8,8,8,8,8,10,11,11,12,11,13,14,18,20,24,18,14,20,26,23,18,19,19,20,20,20,23,17,14,8,9
5,하선,개롱,2559,1,3,2,2,4,12,8,3,5,5,5,5,6,5,7,7,8,7,8,9,12,13,16,10,11,12,18,14,11,12,12,13,13,12,14,11,8,5,6
5,하선,거여,2560,1,1,1,1,1,4,3,1,2,3,3,3,3,3,3,3,3,3,4,4,6,6,7,4,5,6,7,6,5,5,5,5,6,5,6,5,4,2,3
5,하선,마천,2561,0,0,0,0,0,0,0,0,0,0,0,0,0,0,0,0,0,0,0,0,0,0,0,0,0,0,0,0,0,0,0,0,0,0,0,0,0,0,0
5,하선,강동(마천방면),2549,5,10,12,19,35,78,37,17,21,19,22,19,18,22,23,24,27,23,26,26,30,31,36,26,24,39,46,40,32,31,32,31,32,34,36,29,22,9,18
6,상선,응암,2611,9,10,13,18,20,24,18,16,17,16,15,15,15,15,16,17,16,15,15,16,18,20,23,22,25,31,46,34,27,23,21,22,24,25,26,21,16,0,0
6,상선,새절,2617,10,10,11,14,11,17,19,16,16,15,14,13,14,14,16,17,17,16,16,19,21,23,29,27,32,45,64,47,38,36,32,32,36,39,36,33,26,12,17
6,상선,증산,2618,9,10,11,13,10,17,19,16,20,17,14,15,15,16,17,19,20,18,19,21,24,26,31,32,37,53,77,57,49,42,41,38,42,52,45,41,32,16,21
6,상선,디지털미디어시티,2619,8,11,10,12,10,16,18,18,24,17,16,15,16,18,18,20,20,20,21,23,27,30,35,36,42,60,85,66,56,51,46,45,49,58,54,48,37,19,17
6,상선,월드컵경기장,2620,14,11,13,16,29,26,19,22,17,15,15,16,17,18,21,20,21,21,24,27,30,35,37,44,67,86,63,57,49,45,48,49,58,54,44,34,15,17,0
6,상선,마포구청,2621,9,14,11,14,17,31,26,20,24,17,16,16,17,18,19,22,21,21,21,24,27,31,34,37,45,68,88,65,58,48,46,49,49,59,54,44,31,15,17
6,상선,망원,2622,9,15,12,14,18,33,29,22,27,19,17,18,19,20,22,24,24,24,24,27,31,36,38,41,48,70,92,70,63,52,50,52,54,63,59,48,35,18,20
6,상선,합정,2623,8,14,13,14,19,34,33,24,32,22,20,20,22,23,26,28,28,29,28,32,36,42,43,47,55,86,99,78,70,57,54,56,59,69,64,52,38,23,14
6,상선,상수,2624,7,7,10,14,25,22,17,21,15,15,15,15,16,19,18,20,20,21,23,25,29,32,33,38,56,63,46,40,34,34,33,37,43,40,34,23,15,9,0
6,상선,광흥창,2625,5,7,7,10,14,26,24,18,29,17,19,17,18,18,21,19,23,20,22,23,26,30,33,33,40,56,63,49,41,32,33,31,34,39,37,30,21,13,10
6,상선,대흥,2626,4,7,7,10,16,27,25,20,30,17,18,17,17,17,21,19,22,20,21,22,26,29,32,32,38,54,62,49,42,32,33,32,34,39,36,31,20,15,10
6,상선,공덕,2627,5,7,8,11,17,31,30,22,33,22,20,18,20,19,22,21,23,20,22,23,27,28,30,33,38,58,64,51,42,33,34,33,35,39,37,33,17,16,6
6,상선,효창공원앞,2628,8,11,12,17,31,50,42,30,37,24,22,20,22,21,24,23,24,21,22,24,29,29,32,36,42,56,62,49,45,35,37,34,39,42,44,36,19,17,7
6,상선,삼각지,2629,8,11,12,17,32,50,43,32,37,25,21,21,22,22,24,24,24,22,23,25,29,29,33,36,42,55,62,49,44,35,36,37,40,44,46,38,20,18,8
6,상선,녹사평,2630,11,12,16,32,46,35,28,30,21,17,16,18,19,20,19,20,19,19,22,25,25,28,33,35,46,43,38,34,29,31,31,37,42,45,36,18,20,7,0
6,상선,이태원,2631,8,11,13,18,34,46,33,28,28,21,17,16,17,19,19,19,19,18,19,22,25,24,27,32,35,43,42,38,33,28,29,28,35,38,40,33,17,21,7
6,상선,한강진,2632,9,10,13,18,35,46,34,30,30,22,18,17,18,20,20,20,20,18,19,22,25,24,28,31,35,43,45,40,33,29,28,26,31,33,36,24,13,9,8
6,상선,버티고개,2633,12,11,14,21,38,49,36,33,34,23,19,18,19,21,20,21,21,19,19,22,25,23,27,31,35,44,43,38,31,27,26,23,26,32,28,22,12,9,6
6,상선,약수,2634,12,14,21,38,48,36,33,34,23,18,18,19,21,20,21,21,19,19,22,25,24,27,32,35,44,43,38,32,27,26,23,27,32,28,23,13,10,6,0
6,상선,청구,2635,16,16,18,30,54,71,53,51,45,31,25,22,23,26,24,25,25,23,23,26,30,27,31,37,38,45,41,32,28,24,25,23,27,33,30,22,13,9,6
6,상선,신당,2636,16,17,20,32,57,75,56,52,40,30,24,22,22,26,24,25,25,24,23,28,30,28,33,38,39,47,38,30,26,24,24,22,27,33,31,23,13,9,6
6,상선,동묘앞,2637,18,20,24,38,70,93,75,65,50,37,29,26,26,31,28,30,30,28,26,33,36,32,38,46,45,54,41,33,32,28,26,25,30,39,30,23,15,11,6
6,상선,창신,2638,18,21,28,44,84,105,84,73,57,41,32,30,29,34,29,31,31,30,27,32,34,32,37,45,46,53,41,33,31,28,26,27,34,44,31,24,15,11,7
6,상선,보문,2639,16,20,28,44,80,101,80,69,53,39,31,29,29,33,29,32,30,30,26,33,31,31,36,45,45,53,37,32,30,28,26,26,34,44,31,24,15,11,7
6,상선,안암,2640,16,17,25,41,75,94,69,61,49,37,29,27,27,32,27,30,29,28,25,34,31,30,40,42,45,53,37,32,29,27,25,27,35,44,31,24,14,14,4
6,상선,고려대,2641,19,18,27,42,76,94,73,61,48,39,28,26,26,28,25,26,26,23,21,27,23,24,29,31,33,39,26,22,20,18,16,17,19,20,16,13,8,7,3
6,상선,월곡,2642,18,17,25,42,75,92,64,58,45,36,26,24,25,25,23,24,24,21,19,24,20,21,25,26,29,31,22,19,17,14,13,13,13,14,12,10,6,7,3
6,상선,상월곡,2643,15,22,36,65,82,60,51,40,34,23,22,23,22,21,21,20,19,16,19,18,18,20,24,24,26,19,17,15,12,11,11,11,12,11,9,5,5,2,0
6,상선,돌곶이,2644,16,14,19,35,59,77,58,47,38,34,22,21,22,21,20,20,19,17,16,17,17,17,18,22,23,24,18,16,15,12,11,11,11,12,12,8,6,5,3
6,상선,석계,2645,13,13,17,32,53,68,55,43,33,32,20,20,20,19,19,19,18,16,15,16,16,16,18,21,22,22,18,16,14,12,11,11,11,12,12,8,6,6,3
6,상선,태릉입구,2646,11,12,16,31,51,64,48,39,30,27,19,19,20,19,18,18,17,16,15,16,16,16,18,20,22,23,19,18,15,13,11,12,12,13,13,8,5,6,3
6,상선,화랑대,2647,6,7,10,22,34,36,26,24,18,15,10,10,10,10,9,10,8,9,8,10,9,10,10,10,12,13,9,7,6,6,5,5,5,5,4,3,1,1,1
6,상선,봉화산,2648,3,3,5,9,15,15,11,10,7,6,5,5,4,4,4,4,4,4,3,3,4,3,4,4,4,5,4,3,2,3,2,2,2,2,2,1,1,0,0
6,하선,응암,2611,25,17,23,43,59,63,38,26,28,23,20,18,18,18,19,19,18,16,16,16,19,20,26,25,23,24,24,16,13,12,12,14,12,14,12,9,7,3,2
6,하선,역촌,2612,11,11,15,22,24,28,19,16,19,17,15,15,15,15,17,16,17,15,15,16,18,19,21,21,23,29,41,30,23,20,19,20,21,22,22,19,13,7,0
6,하선,불광,2613,5,4,6,12,12,13,8,6,9,8,8,8,9,9,9,10,11,11,11,12,14,16,17,17,18,23,30,23,19,17,16,17,17,18,18,15,13,6,1
6,하선,독바위,2614,5,5,8,15,16,17,11,8,10,9,9,9,9,9,10,10,11,11,11,11,14,15,17,16,17,22,27,21,17,15,14,15,15,16,15,13,11,5,1
6,하선,연신내,2615,11,10,14,27,33,35,21,16,18,15,14,14,14,14,16,16,15,16,15,16,18,21,27,24,23,26,29,21,18,15,15,16,15,18,15,12,9,4,3
6,하선,구산,2616,15,12,18,31,41,45,27,20,22,18,17,16,16,16,17,18,16,15,15,16,19,21,27,23,21,24,23,16,14,13,12,14,13,16,13,9,7,2,3
6,하선,새절,2617,22,22,30,54,63,78,52,32,33,27,23,21,21,21,21,22,20,19,18,18,20,22,29,30,26,28,25,17,13,13,12,15,14,16,13,10,7,2,3
6,하선,증산,2618,28,26,35,62,72,91,60,36,37,30,26,24,24,24,24,24,22,20,20,20,21,23,29,33,28,30,26,18,14,13,13,16,14,16,14,10,7,3,3
6,하선,디지털미디어시티,2619,24,23,31,63,73,95,68,38,39,31,28,25,24,25,25,25,23,21,20,20,21,22,28,35,31,38,44,27,17,16,16,17,16,17,16,11,7,3,3
6,하선,월드컵경기장,2620,23,29,60,73,95,68,38,40,31,29,25,24,25,25,25,23,20,20,20,21,23,28,36,32,40,45,28,18,16,16,17,16,17,16,12,7,3,3,0
6,하선,마포구청,2621,28,26,33,65,80,103,77,43,44,35,33,29,27,29,28,29,26,23,23,23,24,26,31,39,36,47,49,31,20,17,17,19,18,18,18,12,7,3,3
6,하선,망원,2622,34,28,36,72,83,111,82,47,46,38,36,32,30,31,30,32,29,25,25,25,26,29,33,42,39,53,52,35,22,19,20,22,21,22,20,15,11,4,3
6,하선,합정,2623,20,17,19,39,50,64,55,28,31,24,25,22,21,20,21,22,21,18,18,18,19,20,22,26,26,34,39,30,18,15,15,17,18,18,17,14,11,5,3
6,하선,상수,2624,17,19,40,51,65,54,27,27,22,21,21,19,19,20,21,20,17,18,19,19,21,22,28,26,36,38,29,17,16,17,20,22,24,22,18,14,6,3,0
6,하선,광흥창,2625,20,17,20,36,50,62,50,26,26,22,21,21,20,20,20,21,19,18,18,19,19,21,22,29,28,38,39,29,17,16,17,20,22,24,21,18,13,6,2
6,하선,대흥,2626,20,17,21,36,50,63,48,26,26,22,22,22,20,20,21,22,21,19,19,20,20,22,25,31,31,40,44,32,20,18,18,22,24,26,23,20,14,5,4
6,하선,공덕,2627,13,18,21,34,49,59,43,28,28,26,24,26,22,23,23,24,23,22,21,23,22,25,29,37,40,58,65,45,27,24,24,28,31,34,29,25,17,8,4
6,하선,효창공원앞,2628,12,17,21,33,52,61,44,28,29,25,25,26,22,23,24,24,24,23,22,23,23,25,30,39,41,60,66,47,27,24,24,28,31,34,29,26,20,9,6
6,하선,삼각지,2629,9,13,15,24,39,44,32,22,27,22,21,23,21,21,21,22,23,21,19,21,20,22,27,32,38,47,63,47,29,23,23,25,28,29,28,24,19,9,6
6,하선,녹사평,2630,12,15,23,36,41,32,22,24,25,20,23,21,20,21,22,22,20,18,20,20,22,27,31,36,46,60,45,28,22,23,25,28,29,29,24,19,9,5,0
6,하선,이태원,2631,11,13,13,21,36,39,31,20,22,24,18,21,19,18,19,21,21,20,18,19,20,21,26,31,34,44,54,40,26,21,23,25,30,33,32,27,20,9,3
6,하선,한강진,2632,8,11,12,17,30,34,27,18,19,22,17,19,19,18,18,19,20,19,17,19,20,21,26,32,36,41,54,42,29,22,24,27,33,35,40,30,21,9,6
6,하선,버티고개,2633,8,11,12,17,31,35,29,18,19,24,18,20,20,18,19,19,21,19,17,19,20,21,26,32,36,42,54,42,29,22,24,27,33,35,38,30,21,8,10
6,하선,약수,2634,12,12,17,28,33,31,18,21,29,20,24,25,22,24,23,26,23,20,24,26,28,32,40,46,55,73,58,40,30,33,35,44,45,46,36,25,13,12,0
6,하선,청구,2635,6,11,12,16,28,34,35,18,21,32,20,24,27,21,25,25,27,23,22,25,25,27,32,39,46,57,78,59,42,30,33,34,42,43,44,35,24,13,12
6,하선,신당,2636,11,13,12,15,27,36,37,19,23,36,22,26,31,25,28,29,32,26,27,28,31,31,40,46,55,64,95,74,54,37,42,42,52,52,53,46,29,15,13
6,하선,동묘앞,2637,11,14,13,15,26,33,36,18,23,39,22,27,32,26,28,29,31,27,28,30,33,35,44,49,62,73,104,81,62,41,45,46,57,57,56,50,31,16,16
6,하선,창신,2638,11,14,12,15,25,32,37,18,21,38,22,26,33,25,27,29,31,27,27,30,32,34,43,46,59,72,102,79,60,40,41,46,55,52,58,48,35,16,15
6,하선,보문,2639,11,13,13,15,25,30,37,18,21,38,22,25,33,24,27,29,31,26,26,29,30,33,41,44,54,63,93,78,56,36,38,43,46,50,52,44,33,17,14
6,하선,안암,2640,7,12,11,12,19,24,24,13,15,22,15,19,23,19,21,21,21,21,21,24,26,29,36,40,51,59,86,74,56,35,36,42,45,49,50,42,31,15,12
6,하선,고려대,2641,6,10,10,10,16,22,18,11,12,17,13,16,19,17,18,19,18,19,20,21,24,28,33,38,48,56,79,68,52,33,34,40,42,46,48,40,28,14,11
6,하선,월곡,2642,7,9,10,11,17,21,15,9,10,12,11,14,17,15,16,16,17,17,17,18,22,25,30,34,42,52,69,59,45,28,30,34,38,41,42,34,24,12,9
6,하선,상월곡,2643,9,10,11,18,21,13,9,10,9,10,13,14,14,15,15,16,16,16,18,21,23,28,32,39,46,65,59,43,28,28,32,34,38,38,33,22,11,8,0
6,하선,돌곶이,2644,9,10,10,12,18,22,13,9,9,9,10,13,14,13,14,15,15,15,15,17,20,21,25,30,36,43,59,53,39,25,25,29,31,34,35,30,20,10,7
6,하선,석계,2645,9,10,11,13,20,26,15,10,10,9,10,13,13,13,14,14,15,15,15,16,19,20,23,28,33,41,55,49,35,22,23,26,28,31,31,27,20,10,8
6,하선,태릉입구,2646,3,4,5,5,9,13,8,4,5,4,5,6,6,6,6,6,7,7,7,7,9,10,11,12,16,18,26,26,19,13,13,14,15,17,17,15,11,5,5
6,하선,화랑대,2647,2,2,2,3,4,5,3,2,2,1,2,3,2,3,3,3,4,4,4,4,5,5,6,6,8,8,12,12,9,6,6,6,7,8,8,7,5,2,2
6,하선,봉화산,2648,0,0,0,0,0,0,0,0,0,0,0,0,0,0,0,0,0,0,0,0,0,0,0,0,0,0,0,0,0,0,0,0,0,0,0,0,0,0,0
7,상선,장암,2711,0,0,0,0,0,0,0,0,0,0,0,0,0,0,0,0,0,0,0,0,0,1,1,0,0,1,1,1,1,0,0,0,0,0,1,0,0,0,0
7,상선,도봉산,2712,0,1,1,1,1,0,0,0,0,0,0,0,0,0,0,0,0,0,0,0,0,0,0,0,0,1,1,1,1,0,0,1,0,0,0,1,1,0,0
7,상선,수락산,2713,8,8,9,9,12,13,10,6,6,7,9,7,7,8,8,8,8,8,8,9,10,11,13,15,17,20,19,19,15,13,12,14,14,14,13,13,10,6,4
7,상선,마들,2714,9,10,10,9,13,14,12,7,7,9,11,9,10,10,10,10,10,10,11,13,14,15,18,21,24,28,29,29,24,19,18,21,21,21,21,20,17,10,6
7,상선,노원,2715,10,11,10,14,15,12,7,8,10,12,11,11,12,12,12,13,13,14,16,18,20,23,26,32,37,39,39,31,26,24,28,28,28,28,27,23,15,9,0
7,상선,중계,2716,14,14,16,17,22,26,22,13,14,17,18,17,18,18,19,19,19,20,21,24,27,29,34,38,45,51,53,50,39,31,30,34,33,33,34,32,28,18,11
7,상선,하계,2717,14,14,17,17,25,28,24,13,15,18,19,18,19,20,21,20,21,21,23,26,29,32,38,42,52,59,63,59,48,37,36,40,40,39,41,39,34,22,14
7,상선,공릉,2718,12,16,18,19,27,29,24,14,16,19,20,20,21,21,24,23,25,24,26,28,32,35,41,47,59,69,78,68,56,45,43,48,48,46,52,45,42,24,18
7,상선,태릉입구,2719,12,16,20,20,30,36,25,15,18,20,22,21,21,23,28,27,30,26,27,29,34,36,43,49,62,73,85,75,60,48,47,52,52,50,57,50,44,23,14
7,상선,먹골,2720,24,18,20,24,33,43,27,16,20,23,21,24,23,24,26,28,27,25,25,29,33,35,43,48,60,67,81,70,57,45,46,51,49,50,58,49,41,22,16
7,상선,중화,2721,18,20,20,22,31,40,26,16,20,23,21,24,23,24,26,28,28,26,26,30,34,36,45,51,64,72,89,74,62,49,49,55,53,54,62,53,45,24,18
7,상선,상봉,2722,20,21,22,31,42,23,16,20,23,22,24,24,24,27,29,28,27,27,31,37,39,48,53,68,75,91,81,65,53,51,59,57,58,64,59,49,27,20,0
7,상선,면목,2723,24,24,25,31,40,23,15,20,24,22,25,24,26,28,29,29,29,30,35,40,44,52,60,74,84,105,92,72,60,60,64,64,65,72,66,55,30,23,0
7,상선,사가정,2724,15,25,22,23,28,41,23,15,22,24,23,26,24,26,29,30,31,30,31,36,43,46,56,64,81,90,116,98,79,66,65,70,70,71,79,71,53,32,25
7,상선,용마산,2725,13,25,22,22,26,39,23,15,21,25,23,25,24,27,29,30,32,30,33,38,46,49,59,68,86,95,125,106,85,69,71,75,75,76,86,76,58,35,28
7,상선,중곡,2726,12,25,21,23,25,42,19,16,21,25,23,26,25,27,30,32,31,31,34,42,47,52,60,74,92,100,131,108,87,71,74,80,77,81,90,76,61,37,30
7,상선,군자,2727,16,25,21,23,27,43,20,17,22,26,24,27,25,28,31,33,32,33,36,44,49,54,62,77,96,104,135,112,92,73,80,84,81,89,92,80,65,40,32
7,상선,어린이대공원,2728,24,21,21,27,36,18,16,20,23,22,24,24,27,28,31,32,32,35,44,48,53,59,73,90,101,132,110,88,75,79,84,81,89,95,81,69,43,19,0
7,상선,건대입구,2729,14,25,21,21,27,37,23,18,25,34,27,26,29,28,31,35,34,33,37,43,48,53,56,71,86,101,131,109,88,74,78,82,79,87,94,78,68,43,11
7,상선,뚝섬유원지,2730,12,24,20,22,28,40,27,20,28,35,27,26,28,27,30,33,31,30,34,40,42,45,51,64,75,93,122,100,77,62,65,67,64,68,74,60,46,33,11
7,상선,청담,2731,10,23,19,20,29,37,25,19,27,34,27,25,28,27,30,33,31,30,34,41,42,45,52,65,76,103,121,99,78,64,67,69,66,70,77,62,47,23,11
7,상선,강남구청,2732,16,26,21,24,34,46,36,28,38,37,28,27,29,29,31,33,31,32,35,39,40,44,51,63,71,90,108,87,70,57,63,63,58,67,72,58,46,22,12
7,상선,학동,2733,18,34,23,29,42,56,48,40,48,42,31,28,31,29,31,33,32,31,33,36,37,38,44,52,59,76,85,69,57,47,52,52,49,55,55,50,38,18,12
7,상선,논현,2734,19,36,25,32,49,71,65,53,63,49,35,30,32,29,32,34,34,31,33,34,35,36,42,48,55,62,71,57,50,41,47,46,43,49,50,44,34,17,12
7,상선,반포,2735,18,37,26,37,59,81,75,64,72,48,38,32,31,31,33,35,33,33,32,34,33,36,40,48,51,52,62,50,44,38,41,38,37,42,41,36,26,13,7
7,상선,고속터미널,2736,18,39,27,37,60,83,73,65,72,48,38,33,32,32,33,35,34,33,32,34,33,36,40,47,49,52,62,50,42,37,40,37,36,41,40,35,26,13,8
7,상선,내방,2737,27,53,41,57,93,114,92,87,94,60,49,42,39,39,39,41,39,37,35,36,34,36,41,46,46,51,58,46,36,30,32,30,31,33,33,28,23,12,4
7,상선,총신대입구,2738,54,54,43,58,95,122,95,90,90,59,46,41,39,38,40,39,38,35,34,34,34,35,41,44,43,44,53,41,34,29,29,29,28,32,31,28,23,12,5
7,상선,남성,2739,66,46,44,57,98,116,88,84,77,54,43,38,35,34,36,35,35,31,31,32,30,32,39,39,39,40,49,37,30,25,25,26,24,27,26,23,15,10,5
7,상선,숭실대입구,2740,62,43,41,57,96,103,81,78,72,47,38,35,30,33,32,36,30,30,28,31,28,34,35,40,36,42,47,37,29,25,25,25,24,27,26,23,15,11,6
7,상선,상도,2741,57,40,38,52,86,96,74,72,69,48,36,33,30,31,30,34,28,28,26,28,25,29,31,37,31,38,46,35,28,23,22,22,22,24,23,20,14,10,6
7,상선,장승배기,2742,55,39,36,48,81,90,72,69,68,48,36,32,30,30,29,33,27,27,25,26,24,27,29,35,29,38,45,34,26,24,22,21,21,23,22,19,13,9,5
7,상선,신대방삼거리,2743,35,36,46,77,83,66,70,55,46,32,30,30,27,30,29,26,24,25,24,24,26,30,33,30,39,44,34,26,24,22,22,20,22,22,19,13,10,6,0
7,상선,보라매,2744,32,32,41,67,74,60,63,51,43,29,27,27,24,28,27,25,23,24,22,23,25,28,31,30,39,46,36,26,24,23,22,21,23,23,20,12,11,7,0
7,상선,신풍,2745,55,32,32,43,67,75,61,61,51,42,28,26,26,23,28,26,24,22,23,22,22,24,27,30,30,40,43,36,27,24,22,22,21,24,22,20,12,11,7
7,상선,대림,2746,50,29,30,41,61,72,56,58,49,34,27,28,22,26,25,27,22,24,21,24,22,26,26,34,29,44,45,37,26,26,23,22,23,25,25,21,13,12,8
7,상선,남구로,2747,56,36,39,55,82,92,72,74,62,43,35,36,28,34,32,36,28,30,25,29,26,31,31,43,38,58,55,47,32,31,27,27,27,28,27,22,13,12,7
7,상선,가산디지털단지,2748,30,38,53,86,100,88,79,67,44,36,37,28,34,32,36,29,31,26,29,26,31,32,42,39,56,54,46,32,31,27,27,26,30,27,22,14,12,7,0
7,상선,철산,2749,53,35,46,75,110,138,141,108,78,51,40,36,35,33,37,32,32,26,27,23,27,25,33,32,28,33,29,27,20,20,17,20,18,21,21,20,10,9,6
7,상선,광명사거리,2750,30,39,61,98,119,122,98,70,43,35,31,31,28,33,28,29,23,25,21,24,22,30,26,27,28,32,23,19,18,15,18,16,19,19,18,9,9,6,0
7,상선,천왕,2751,24,25,33,47,78,100,100,80,58,35,28,24,26,22,28,22,24,18,21,16,21,19,27,22,26,22,31,19,19,17,13,18,16,15,19,18,9,8,0
7,상선,온수,2752,20,27,29,51,68,97,92,57,51,31,26,27,19,26,20,25,17,21,15,19,16,23,20,26,21,25,23,21,19,14,18,13,19,15,19,19,9,8,0
7,상선,까치울,2753,49,37,51,91,132,156,132,101,74,47,40,43,41,41,42,39,36,32,31,30,31,35,39,47,45,47,50,37,26,20,22,19,25,24,22,13,11,6,1
7,상선,부천종합운동장,2754,40,35,51,91,121,146,111,95,55,41,36,40,39,39,40,36,33,31,30,30,31,37,38,50,43,51,51,38,24,26,20,20,24,28,23,14,12,7,1
7,상선,춘의,2755,37,33,48,90,116,139,106,89,52,39,35,38,37,37,38,35,32,30,29,29,31,36,38,50,43,52,49,39,24,25,20,24,21,29,24,14,11,7,2
7,상선,신중동,2756,33,32,46,86,115,142,109,85,50,37,34,37,35,35,36,33,31,29,28,28,29,34,36,45,37,41,41,33,22,23,17,21,21,28,23,15,9,8,2
7,상선,부천시청,2757,29,31,40,74,100,131,100,79,42,33,35,33,31,33,32,30,28,27,25,26,27,31,32,43,31,36,39,32,22,17,20,17,19,24,25,14,8,9,2
7,상선,상동,2758,25,27,39,67,87,118,85,73,39,30,31,30,28,30,29,27,27,25,23,23,24,29,29,38,29,35,36,32,17,14,18,15,18,23,16,14,8,9,1
7,상선,삼산체육관,2759,24,33,57,80,111,81,70,37,28,29,27,27,28,27,26,26,24,21,21,22,26,25,35,27,33,36,31,17,12,17,13,15,16,12,11,7,9,1,0
7,상선,굴포천,2760,19,21,29,50,71,102,75,63,34,26,26,25,24,26,25,24,24,22,20,20,21,25,27,35,27,33,35,31,17,12,17,14,15,16,12,12,7,10,1
7,상선,부평구청,2761,12,18,23,40,56,82,64,48,25,22,22,21,22,22,21,21,21,19,17,18,20,23,24,32,26,32,34,32,14,12,13,16,14,15,10,11,6,1,0
7,하선,장암,2711,4,6,12,15,10,6,4,2,2,2,1,1,1,2,2,1,1,1,1,1,2,2,2,2,2,1,1,1,1,0,0,0,1,0,0,0,0,0,0
7,하선,도봉산,2712,11,11,15,17,21,26,23,22,17,13,11,10,10,9,10,11,10,9,9,9,10,12,12,12,11,10,10,8,7,6,6,6,6,5,6,3,4,2,0
7,하선,수락산,2713,18,16,21,26,29,36,32,30,24,18,16,14,14,14,15,15,14,13,12,13,13,16,16,17,14,14,12,11,8,7,8,7,7,6,7,5,4,2,0
7,하선,마들,2714,24,23,28,36,40,48,41,40,32,24,20,18,18,18,18,18,17,16,14,16,15,18,18,19,15,16,13,12,9,8,8,8,8,7,8,5,5,1,3
7,하선,노원,2715,29,31,40,45,59,46,47,37,29,24,23,23,24,25,25,23,22,20,22,23,26,27,28,23,24,21,20,16,16,17,17,17,20,19,15,11,4,7,0
7,하선,중계,2716,35,32,38,51,54,70,53,55,43,36,28,27,26,28,27,30,27,24,23,24,24,28,30,31,26,26,23,20,16,17,18,17,20,22,20,16,12,8,7
7,하선,하계,2717,46,36,47,63,66,83,63,62,53,42,33,32,30,32,31,33,29,27,26,28,27,33,35,37,30,30,25,22,18,18,20,20,22,26,22,17,12,8,7
7,하선,공릉,2718,50,40,49,69,70,88,69,67,56,44,35,34,39,35,33,35,30,29,28,30,29,36,38,48,37,32,27,23,18,19,20,22,24,28,25,19,13,8,7
7,하선,태릉입구,2719,36,39,47,66,68,84,66,66,53,42,33,33,35,34,31,33,29,29,28,31,29,36,40,47,39,35,31,26,22,20,22,22,25,27,26,22,13,8,8
7,하선,먹골,2720,41,43,47,70,73,91,72,70,60,46,38,34,37,34,34,34,31,30,29,30,30,35,38,51,38,36,31,26,21,20,21,23,24,27,25,21,13,8,7
7,하선,중화,2721,47,46,51,76,77,97,75,75,63,49,40,36,39,36,35,36,32,31,30,31,30,36,39,52,39,37,31,26,21,19,22,23,24,27,25,21,13,7,6
7,하선,상봉,2722,50,58,85,90,109,89,87,72,55,44,39,41,39,37,39,33,33,31,32,32,38,41,54,42,39,33,28,23,19,22,23,24,26,24,21,13,7,5,0
7,하선,면목,2723,56,64,88,101,121,97,96,78,61,48,42,41,41,40,40,36,35,33,33,34,36,43,52,45,39,33,28,23,19,22,24,24,27,23,20,13,6,6,0
7,하선,사가정,2724,76,61,67,96,109,127,103,102,83,64,50,44,43,43,42,42,37,36,33,34,34,37,43,53,45,39,34,28,25,19,21,23,23,25,23,20,12,9,6
7,하선,용마산,2725,80,64,70,102,113,131,110,105,89,66,51,45,44,44,42,43,38,37,34,35,34,37,44,53,46,40,35,28,25,19,21,23,23,25,22,19,12,9,6
7,하선,중곡,2726,86,67,71,98,122,133,120,110,94,70,53,48,46,46,44,46,40,38,35,36,36,40,46,56,48,41,37,28,25,19,21,24,24,25,22,19,11,9,5
7,하선,군자,2727,78,62,66,95,119,129,121,112,102,76,56,49,47,47,45,46,41,37,38,35,36,38,44,52,50,45,40,29,26,19,19,24,24,25,22,19,11,8,4
7,하선,어린이대공원,2728,65,67,96,120,130,117,107,103,67,53,48,43,47,44,44,41,38,39,39,38,42,48,57,56,49,42,31,27,21,22,27,28,29,25,22,13,8,4,0
7,하선,건대입구,2729,42,53,57,75,105,106,103,92,89,56,44,40,35,38,36,36,34,32,33,34,34,37,42,51,49,46,39,30,26,22,23,30,31,34,30,29,18,10,2
7,하선,뚝섬유원지,2730,46,55,59,78,107,107,108,95,96,60,47,40,37,37,37,36,35,32,33,34,34,35,41,48,50,45,40,29,27,22,22,30,30,33,29,28,17,9,3
7,하선,청담,2731,29,50,54,68,92,93,93,77,84,55,44,39,36,36,37,36,34,33,33,35,34,37,43,51,56,52,47,37,32,25,25,32,34,39,32,29,20,9,6
7,하선,강남구청,2732,24,40,42,53,74,71,68,55,66,49,38,35,33,32,33,34,32,31,32,35,35,37,43,51,57,62,56,45,38,31,30,38,39,45,37,32,22,9,11
7,하선,학동,2733,23,38,37,47,64,59,49,42,50,41,33,32,31,31,32,33,31,31,32,36,36,39,45,56,61,78,71,55,45,36,34,44,46,54,44,36,24,10,11
7,하선,논현,2734,13,38,33,41,55,51,38,31,38,35,29,30,29,31,31,32,29,31,32,37,36,40,45,58,63,86,76,60,50,41,37,50,51,61,50,44,30,11,12
7,하선,반포,2735,13,36,32,41,55,50,37,30,36,34,29,30,29,30,30,32,29,31,32,37,36,41,46,59,64,87,78,61,50,42,38,51,53,62,53,44,34,12,12
7,하선,고속터미널,2736,14,27,26,33,46,45,33,25,31,33,27,27,30,28,32,33,31,32,36,42,45,46,55,68,79,95,102,80,70,59,54,71,76,82,73,60,42,15,15
7,하선,내방,2737,10,26,26,32,45,43,26,22,27,31,25,26,29,27,31,32,30,32,36,41,44,47,55,69,80,103,106,82,71,60,55,70,77,83,74,60,41,15,14
7,하선,총신대입구,2738,10,22,21,28,39,40,25,20,24,33,23,23,27,25,27,31,27,30,34,35,41,43,48,59,72,85,98,75,63,53,51,65,73,80,76,58,44,24,17
7,하선,남성,2739,10,22,22,28,42,43,26,20,23,32,22,22,26,24,26,29,26,28,32,33,38,40,45,57,67,80,94,71,60,50,48,58,69,75,70,53,45,21,18
7,하선,숭실대입구,2740,11,19,22,27,42,45,23,18,20,21,20,19,20,22,23,25,24,26,28,31,35,39,43,53,64,71,89,66,56,46,45,55,65,70,65,49,40,19,15
7,하선,상도,2741,12,19,22,29,44,46,24,18,19,18,19,18,18,20,22,23,24,23,26,30,34,36,42,50,61,68,84,63,53,45,43,47,64,67,64,48,37,18,13
7,하선,장승배기,2742,13,19,20,29,46,48,26,18,18,18,18,18,18,20,20,22,23,23,25,29,32,34,40,48,57,65,80,60,49,42,41,44,60,61,62,45,35,16,11
7,하선,신대방삼거리,2743,20,22,30,47,51,27,19,18,18,18,18,18,20,20,22,22,21,23,27,29,31,37,45,54,58,73,54,45,38,36,40,54,55,55,40,35,17,9,0
7,하선,보라매,2744,20,22,30,45,49,29,19,18,17,18,18,17,19,19,21,22,21,23,26,29,30,38,43,52,59,74,53,43,38,36,38,53,54,53,39,33,15,8,0
7,하선,신풍,2745,17,22,24,34,46,54,31,20,19,18,18,18,18,20,20,22,22,21,23,26,28,30,37,42,51,58,70,51,41,36,34,36,47,50,52,38,30,14,6
7,하선,대림,2746,23,25,28,36,52,60,38,22,22,20,21,21,20,23,24,25,27,26,27,31,35,37,45,54,65,74,94,70,54,47,45,44,60,62,69,52,40,18,17
7,하선,남구로,2747,31,28,29,36,53,60,38,21,22,18,21,20,21,22,24,25,27,25,28,29,35,37,42,50,63,84,104,77,57,49,46,46,60,60,66,51,38,18,17
7,하선,가산디지털단지,2748,23,27,33,39,30,12,11,12,14,18,19,19,22,23,26,27,28,29,34,38,45,49,64,86,134,148,106,74,63,59,61,75,74,78,60,54,24,18,0
7,하선,철산,2749,27,22,27,33,41,30,13,10,11,13,16,17,17,20,20,23,23,25,24,29,32,39,41,52,68,111,124,88,63,53,50,53,64,65,63,55,46,20,15
7,하선,광명사거리,2750,20,25,33,35,40,13,9,10,11,13,14,14,16,16,19,19,20,19,23,25,30,33,41,54,87,103,73,52,43,40,42,50,51,51,43,36,15,11,0
7,하선,천왕,2751,24,22,24,34,36,41,13,8,10,10,12,14,13,15,15,18,17,18,18,21,23,28,30,38,50,82,96,70,48,40,38,38,46,47,46,39,33,14,9
7,하선,온수,2752,8,13,11,19,37,41,8,9,7,7,13,9,14,10,16,11,19,12,20,14,25,19,32,26,39,69,76,53,45,38,32,31,38,33,55,36,21,22,11
7,하선,까치울,2753,9,12,15,16,39,92,52,29,29,23,22,22,23,25,27,28,32,30,34,35,41,45,53,41,47,82,147,121,87,64,63,60,69,78,79,69,62,28,22
7,하선,부천종합운동장,2754,13,9,15,17,41,74,53,29,30,22,21,22,23,24,26,27,32,28,34,32,39,41,50,42,45,80,113,118,80,59,57,55,63,71,72,62,57,26,20
7,하선,춘의,2755,12,8,13,15,31,55,44,26,27,21,20,21,23,23,26,26,31,28,32,31,38,40,48,41,47,87,112,115,81,58,56,54,58,64,68,66,52,25,19
7,하선,신중동,2756,13,8,11,14,29,48,43,24,24,18,19,20,21,22,24,24,28,26,30,29,35,38,43,38,43,87,102,108,73,53,51,49,52,58,59,58,45,21,16
7,하선,부천시청,2757,13,8,12,14,28,38,36,21,20,16,17,18,18,20,21,23,24,23,26,26,30,33,38,39,37,57,92,93,62,49,48,44,47,55,52,52,39,15,20
7,하선,상동,2758,12,8,11,15,28,34,30,20,14,14,14,15,15,17,18,20,20,20,22,23,27,30,34,35,32,51,80,78,52,43,43,41,43,56,47,45,33,13,16
7,하선,삼산체육관,2759,9,12,15,30,34,35,21,14,14,13,15,15,16,17,19,19,19,21,22,25,29,32,33,30,47,72,73,50,38,39,37,39,50,42,40,30,12,14,0
7,하선,굴포천,2760,10,9,12,16,31,33,32,21,13,13,12,13,14,15,16,17,17,17,18,19,21,25,27,28,24,39,57,60,39,29,30,28,29,39,32,30,23,9,14
7,하선,부평구청,2761,0,0,0,0,0,0,0,0,0,0,0,0,0,0,0,0,0,0,0,0,0,0,0,0,0,0,0,0,0,0,0,0,0,0,0,0,0,0,0
8,상선,암사,2811,0,0,0,0,0,0,0,0,0,0,0,0,0,0,0,0,0,0,0,0,0,0,0,0,0,0,0,0,0,0,0,0,0,0,0,0,0,0,0
8,상선,천호,2812,3,4,4,3,4,7,8,6,8,6,6,6,7,8,8,8,10,10,10,12,13,16,16,19,22,22,34,29,26,21,20,19,20,22,20,16,14,10,5
8,상선,강동구청,2813,9,17,13,16,24,31,27,24,25,22,20,20,20,22,24,27,27,27,29,34,36,43,47,56,65,79,103,77,62,50,52,51,48,51,49,37,23,21,7
8,상선,몽촌토성,2814,8,17,14,16,28,34,35,25,26,22,20,20,20,22,25,27,28,28,31,36,41,45,50,60,70,81,114,86,66,60,56,58,54,58,57,43,26,25,8
8,상선,잠실,2815,19,14,18,29,40,40,28,30,24,22,22,23,24,28,29,30,30,33,37,43,46,54,62,69,92,116,80,71,62,55,62,57,59,59,44,28,27,7,0
8,상선,석촌,2816,22,25,30,45,76,99,92,72,64,47,45,43,41,41,45,45,44,43,40,46,50,57,66,80,82,108,111,75,60,48,44,48,46,42,40,27,18,13,3
8,상선,송파,2817,20,26,29,45,74,94,91,70,61,47,43,42,39,39,43,44,41,41,39,45,50,55,64,77,78,104,111,74,58,48,44,48,46,42,36,27,19,9,2
8,상선,가락시장,2818,21,27,31,45,74,96,83,67,57,46,43,42,38,40,42,43,40,41,39,44,49,55,59,73,72,114,102,71,58,47,43,48,46,42,36,26,17,10,2
8,상선,문정,2819,36,28,32,48,82,104,92,71,59,45,40,39,36,37,39,41,37,38,37,40,45,52,56,70,68,107,94,67,49,44,41,45,43,38,31,22,15,9,2
8,상선,장지,2820,37,29,32,49,81,105,107,72,60,41,36,34,31,33,33,37,32,32,30,34,37,42,46,58,52,63,64,51,40,35,32,36,31,31,26,19,14,8,1
8,상선,복정,2821,34,25,25,36,63,87,101,60,53,34,30,29,28,28,29,31,27,27,25,28,31,34,39,48,44,48,55,43,35,29,27,24,27,23,23,17,14,8,1
8,상선,산성,2822,30,22,21,33,52,72,64,46,34,25,21,20,18,21,21,22,18,18,17,19,20,24,26,33,26,29,28,21,17,16,14,14,13,12,10,8,7,5,1
8,상선,남한산성입구,2823,26,19,18,29,46,66,52,40,30,21,19,19,17,19,20,20,17,17,16,19,20,24,26,33,25,28,29,21,17,16,14,15,12,13,11,9,7,5,1
8,상선,단대오거리,2824,11,11,18,28,42,36,26,22,15,14,13,13,14,14,14,14,13,13,15,16,18,20,24,17,22,21,17,15,13,12,13,12,14,10,9,6,6,1,0
8,상선,신흥,2825,10,6,6,9,14,26,22,17,13,11,10,10,9,11,10,10,11,10,10,12,13,15,16,18,14,17,17,14,11,10,10,9,11,12,9,8,5,6,0
8,상선,수진,2826,7,4,4,6,10,21,16,13,10,9,9,9,8,10,9,10,10,9,9,12,12,15,16,17,13,17,18,14,12,11,10,9,11,12,10,8,5,7,0
8,상선,모란,2827,3,3,5,7,17,13,11,9,8,8,7,7,9,8,10,11,10,9,12,13,14,16,15,13,17,18,15,13,12,10,9,12,13,9,8,6,1,0,0
8,하선,암사,2811,13,13,18,29,45,50,31,30,23,17,14,13,11,12,11,12,10,10,9,9,9,9,10,12,12,13,10,8,6,5,5,5,4,4,3,3,2,0,0
8,하선,천호,2812,21,28,36,53,94,118,94,73,57,42,35,31,28,30,31,31,29,27,27,26,28,30,34,38,44,42,39,31,24,20,18,20,20,21,19,16,11,4,5
8,하선,강동구청,2813,25,31,41,57,102,130,96,84,65,47,38,33,31,32,33,33,31,28,28,27,28,30,36,41,49,48,44,32,25,21,19,21,20,21,19,15,11,6,4
8,하선,몽촌토성,2814,25,31,38,57,104,121,112,81,65,49,39,35,32,33,34,35,33,30,30,30,30,32,39,46,51,56,48,34,27,23,21,24,22,23,20,16,12,6,4
8,하선,잠실,2815,38,39,45,81,102,97,69,62,48,39,33,34,36,37,41,40,37,40,40,46,47,52,64,76,76,88,75,60,51,48,52,55,63,53,44,34,15,9,0
8,하선,석촌,2816,24,29,39,45,77,96,99,63,65,47,39,32,33,35,35,40,38,35,37,39,44,45,49,61,73,70,88,71,58,49,44,49,52,60,51,46,32,14,8
8,하선,송파,2817,23,24,35,45,73,94,100,65,69,47,39,32,33,34,36,39,37,36,37,38,43,45,50,62,73,71,87,70,56,48,44,48,51,59,49,44,31,13,13
8,하선,가락시장,2818,19,22,31,38,67,83,94,63,66,45,37,30,31,32,34,36,36,33,34,37,40,43,49,58,70,72,86,70,59,49,43,49,50,57,51,45,31,13,14
8,하선,문정,2819,17,16,22,30,46,59,47,42,47,36,32,25,26,28,30,30,30,28,30,31,36,40,46,51,67,78,86,68,56,47,42,49,49,55,48,42,29,11,13
8,하선,장지,2820,13,14,20,28,41,52,37,34,39,30,29,20,20,20,24,25,25,21,24,26,29,31,38,43,55,68,73,57,46,38,38,47,42,46,42,34,24,11,11
8,하선,복정,2821,7,8,10,13,21,30,23,17,27,18,17,12,13,12,16,17,18,14,16,17,21,22,27,30,38,44,54,44,37,29,29,33,32,34,35,28,21,11,11
8,하선,산성,2822,9,7,10,13,22,28,25,17,26,17,17,12,12,12,15,17,17,13,15,16,18,20,24,27,32,38,46,41,32,26,25,28,28,29,31,26,20,9,10
8,하선,남한산성입구,2823,13,8,11,14,21,27,17,12,13,11,11,11,10,10,12,12,13,11,12,13,14,16,17,21,24,28,31,26,20,17,16,17,18,19,19,16,12,6,6
8,하선,단대오거리,2824,8,10,13,19,24,16,12,11,10,9,10,10,10,10,11,12,10,11,11,12,12,13,15,16,19,19,14,11,9,9,9,10,10,9,8,6,3,3,0
8,하선,신흥,2825,15,9,11,13,18,24,16,12,11,9,9,10,9,9,9,10,10,9,9,10,10,11,11,13,14,16,15,12,8,7,6,7,7,7,6,5,4,2,2
8,하선,수진,2826,18,11,11,15,19,23,15,13,11,10,9,10,9,10,10,10,10,9,9,10,10,11,11,14,13,15,12,9,6,5,5,6,6,5,5,3,3,1,1
8,하선,모란,2827,0,0,0,0,0,0,0,0,0,0,0,0,0,0,0,0,0,0,0,0,0,0,0,0,0,0,0,0,0,0,0,0,0,0,0,0,0,0,0
